"id","title","author","genre","year","avg_rating","rating_count","popularity"
"1","The Pragmatic Programmer","Andrew Hunt","Programming","1999","4.7","121","241"
"2","Clean Code","Robert C. Martin","Programming","2008","4.6","110","210"
"3","1984","George Orwell","Fiction","1949","4.5","95","180"
"4","Dune","Frank Herbert","Science Fiction","1965","4.8","130","260"
"5","Atomic Habits","James Clear","Self Help","2018","4.6","140","300"
"6","The Hobbit","J.R.R. Tolkien","Fantasy","1937","4.7","150","320"
"7","Deep Work","Cal Newport","Productivity","2016","4.4","81","161"
"8","The Alchemist","Paulo Coelho","Fiction","1988","4.2","90","170"
"9","C++ Primer","Stanley B. Lippman","Programming","2012","4.5","70","130"
"10","Harry Potter and the Sorcerer's Stone","J.K. Rowling","Fantasy","1997","4.8","160","350"
"11","The Hunger Games (The Hunger Games, #1)","Suzanne Collins","Science Fiction","2008","4.34","4780653","4780653"
"12","Harry Potter and the Sorcerer's Stone (Harry Potter, #1)","J.K. Rowling","Fantasy","1997","4.44","4602479","4602479"
"13","Twilight (Twilight, #1)","Stephenie Meyer","Fiction","2005","3.57","3866839","3866839"
"14","To Kill a Mockingbird","Harper Lee","Fiction","1960","4.25","3198671","3198671"
"15","The Great Gatsby","F. Scott Fitzgerald","Fiction","1925","3.89","2683664","2683664"
"16","The Fault in Our Stars","John Green","Fiction","2012","4.26","2346404","2346404"
"17","The Catcher in the Rye","J.D. Salinger","Fiction","1951","3.79","2044241","2044241"
"18","Angels & Demons  (Robert Langdon, #1)","Dan Brown","Fiction","2000","3.85","2001311","2001311"
"19","Pride and Prejudice","Jane Austen","Romance","1813","4.24","2035490","2035490"
"20","The Kite Runner","Khaled Hosseini","Fiction","2003","4.26","1813044","1813044"
"21","Divergent (Divergent, #1)","Veronica Roth","Science Fiction","2011","4.24","1903563","1903563"
"22","Animal Farm","George Orwell","Fiction","1945","3.87","1881700","1881700"
"23","The Diary of a Young Girl","Anne Frank","Biography","1947","4.1","1972666","1972666"
"24","The Girl with the Dragon Tattoo (Millennium, #1)","Stieg Larsson","Fantasy","2005","4.11","1808403","1808403"
"25","Catching Fire (The Hunger Games, #2)","Suzanne Collins","Science Fiction","2009","4.3","1831039","1831039"
"26","Harry Potter and the Prisoner of Azkaban (Harry Potter, #3)","J.K. Rowling","Fantasy","1999","4.53","1832823","1832823"
"27","The Fellowship of the Ring (The Lord of the Rings, #1)","J.R.R. Tolkien","Fantasy","1954","4.34","1766803","1766803"
"28","Mockingjay (The Hunger Games, #3)","Suzanne Collins","Science Fiction","2010","4.03","1719760","1719760"
"29","Harry Potter and the Order of the Phoenix (Harry Potter, #5)","J.K. Rowling","Fantasy","2003","4.46","1735368","1735368"
"30","The Lovely Bones","Alice Sebold","Romance","2002","3.77","1605173","1605173"
"31","Harry Potter and the Chamber of Secrets (Harry Potter, #2)","J.K. Rowling","Fantasy","1998","4.37","1779331","1779331"
"32","Harry Potter and the Goblet of Fire (Harry Potter, #4)","J.K. Rowling","Fantasy","2000","4.53","1753043","1753043"
"33","Harry Potter and the Deathly Hallows (Harry Potter, #7)","J.K. Rowling","Fantasy","2007","4.61","1746574","1746574"
"34","The Da Vinci Code (Robert Langdon, #2)","Dan Brown","Programming","2003","3.79","1447148","1447148"
"35","Harry Potter and the Half-Blood Prince (Harry Potter, #6)","J.K. Rowling","Fantasy","2005","4.54","1678823","1678823"
"36","Lord of the Flies","William Golding","Fiction","1954","3.64","1605019","1605019"
"37","Romeo and Juliet","William Shakespeare","Fiction","1595","3.73","1628519","1628519"
"38","Gone Girl","Gillian Flynn","Thriller","2012","4.03","512475","512475"
"39","The Help","Kathryn Stockett","Fiction","2009","4.45","1531753","1531753"
"40","Of Mice and Men","John Steinbeck","Fiction","1937","3.84","1467496","1467496"
"41","Memoirs of a Geisha","Arthur Golden","Biography","1997","4.08","1300209","1300209"
"42","Fifty Shades of Grey (Fifty Shades, #1)","E.L. James","Fiction","2011","3.67","1338493","1338493"
"43","The Giver (The Giver, #1)","Lois Lowry","Fiction","1993","4.12","1296825","1296825"
"44","The Lion, the Witch, and the Wardrobe (Chronicles of Narnia, #1)","C.S. Lewis","History","1950","4.19","1531800","1531800"
"45","The Time Traveler's Wife","Audrey Niffenegger","Fiction","2003","3.95","746287","746287"
"46","A Game of Thrones (A Song of Ice and Fire, #1)","George R.R. Martin","Fantasy","1996","4.45","1319204","1319204"
"47","Eat, Pray, Love","Elizabeth Gilbert","Romance","2006","3.51","1181647","1181647"
"48","The Lightning Thief (Percy Jackson and the Olympians, #1)","Rick Riordan","Fiction","2005","4.23","1366265","1366265"
"49","Little Women (Little Women, #1)","Louisa May Alcott","Fiction","1868","4.04","1257121","1257121"
"50","Jane Eyre","Charlotte Bront?","Fiction","1847","4.1","1198557","1198557"
"51","The Notebook (The Notebook, #1)","Nicholas Sparks","Romance","1996","4.06","1053403","1053403"
"52","Life of Pi","Yann Martel","Fiction","2001","3.88","1003228","1003228"
"53","Water for Elephants","Sara Gruen","Fiction","2006","4.07","1068146","1068146"
"54","The Book Thief","Markus Zusak","Fiction","2005","4.36","1159741","1159741"
"55","Fahrenheit 451","Ray Bradbury","Science Fiction","1953","3.97","570498","570498"
"56","New Moon (Twilight, #2)","Stephenie Meyer","Fiction","2006","3.52","1149630","1149630"
"57","Where the Sidewalk Ends","Shel Silverstein","Fiction","1974","4.29","1016888","1016888"
"58","City of Bones (The Mortal Instruments, #1)","Cassandra Clare","Fiction","2007","4.12","1154031","1154031"
"59","Eclipse (Twilight, #3)","Stephenie Meyer","Fiction","2007","3.69","1134511","1134511"
"60","Eragon (The Inheritance Cycle, #1)","Christopher Paolini","Fiction","2002","3.86","1104021","1104021"
"61","The Hitchhiker's Guide to the Galaxy (Hitchhiker's Guide to the Galaxy, #1)","Douglas Adams","Science Fiction","1979","4.2","936782","936782"
"62","Brave New World","Aldous Huxley","History","1932","3.97","1022601","1022601"
"63","Breaking Dawn (Twilight, #4)","Stephenie Meyer","Fiction","2008","3.7","1070245","1070245"
"64","The Secret Life of Bees","Sue Monk Kidd","Fiction","2001","4.01","916189","916189"
"65","The Adventures of Huckleberry Finn","Mark Twain","Fiction","1884","3.8","953758","953758"
"66","Charlotte's Web","E.B. White","Fiction","1952","4.15","1064521","1064521"
"67","The Curious Incident of the Dog in the Night-Time","Mark Haddon","Fiction","2003","3.85","867553","867553"
"68","The Girl on the Train","Paula Hawkins","Thriller","2015","3.88","1008778","1008778"
"69","The Golden Compass (His Dark Materials, #1)","Philip Pullman","Fiction","1995","3.94","953970","953970"
"70","Wuthering Heights","Emily Bront?","Fantasy","1847","3.82","899195","899195"
"71","My Sister's Keeper","Jodi Picoult","Fiction","2004","4.06","863879","863879"
"72","Slaughterhouse-Five","Kurt Vonnegut Jr.","Fiction","1969","4.06","846488","846488"
"73","Gone with the Wind","Margaret Mitchell","Fantasy","1936","4.28","873981","873981"
"74","A Thousand Splendid Suns","Khaled Hosseini","Fiction","2007","4.34","818742","818742"
"75","The Perks of Being a Wallflower","Stephen Chbosky","Fiction","1999","4.21","888806","888806"
"76","Insurgent (Divergent, #2)","Veronica Roth","Science Fiction","2012","4.07","836362","836362"
"77","Ender's Game (Ender's Saga, #1)","Orson Scott Card","Science Fiction","1985","4.3","813439","813439"
"78","Frankenstein","Mary Wollstonecraft Shelley","Fiction","1818","3.75","808589","808589"
"79","The Shining (The Shining #1)","Stephen King","Fiction","1977","4.17","791850","791850"
"80","The Host (The Host, #1)","Stephenie Meyer","Fiction","2008","3.84","749780","749780"
"81","Looking for Alaska","John Green","Fiction","2005","4.09","783470","783470"
"82","Bridget Jones's Diary (Bridget Jones, #1)","Helen Fielding","Biography","1996","3.75","736498","736498"
"83","Sense and Sensibility","Jane Austen","Romance","1811","4.06","738894","738894"
"84","Holes (Holes, #1)","Louis Sachar","Fiction","1998","3.93","747445","747445"
"85","The Devil Wears Prada (The Devil Wears Prada, #1)","Lauren Weisberger","Fiction","2003","3.7","665930","665930"
"86","The Odyssey","Homer","Fiction","2000","3.73","670326","670326"
"87","The Little Prince","Antoine de Saint-Exup?ry","Fiction","1946","4.28","738757","738757"
"88","The Glass Castle","Jeannette Walls","Fiction","2005","4.24","621099","621099"
"89","Into the Wild","Jon Krakauer","Fiction","1996","3.94","647684","647684"
"90","A Tale of Two Cities","Charles Dickens","Fiction","1859","3.81","637412","637412"
"91","Jurassic Park (Jurassic Park, #1)","Michael Crichton","Fiction","1990","3.96","447833","447833"
"92","The Giving Tree","Shel Silverstein","Fiction","1964","4.38","702332","702332"
"93","A Time to Kill","John Grisham","Fiction","1989","4.03","597775","597775"
"94","Night (The Night Trilogy #1)","Elie Wiesel","Fiction","1958","4.3","691231","691231"
"95","Paper Towns","John Green","Fiction","2008","3.88","461311","461311"
"96","The Princess Bride","William Goldman","Fiction","1973","4.25","628637","628637"
"97","The Outsiders","S.E. Hinton","Fiction","1967","4.06","659248","659248"
"98","The Maze Runner (Maze Runner, #1)","James Dashner","Fiction","2009","4.02","719925","719925"
"99","Freakonomics: A Rogue Economist Explores the Hidden Side of Everything (Freakonomics, #1)","Steven D. Levitt","Fiction","2005","3.93","524191","524191"
"100","The Secret Garden","Frances Hodgson Burnett","Fiction","1911","4.12","639357","639357"
"101","One Hundred Years of Solitude","Gabriel Garc?a M?rquez","Fiction","1967","4.04","490565","490565"
"102","The Picture of Dorian Gray","Oscar Wilde","Fiction","1891","4.06","590014","590014"
"103","Fifty Shades Freed (Fifty Shades, #3)","E.L. James","Fiction","2012","3.88","387290","387290"
"104","Dracula","Bram Stoker","Fiction","1897","3.98","618973","618973"
"105","The Girl Who Played with Fire (Millennium, #2)","Stieg Larsson","Fiction","2006","4.22","563994","563994"
"106","Fifty Shades Darker (Fifty Shades, #2)","E.L. James","Fiction","2011","3.87","552059","552059"
"107","The Poisonwood Bible","Barbara Kingsolver","Fiction","1998","4.02","546502","546502"
"108","Me Talk Pretty One Day","David Sedaris","Fiction","2000","3.97","495736","495736"
"109","Where the Wild Things Are","Maurice Sendak","Fiction","1963","4.22","620618","620618"
"110","The Count of Monte Cristo","Alexandre Dumas","Fiction","1844","4.21","555822","555822"
"111","The Road","Cormac McCarthy","Fiction","2006","3.95","504793","504793"
"112","Allegiant (Divergent, #3)","Veronica Roth","Science Fiction","2013","3.63","463257","463257"
"113","Bossypants","Tina Fey","Fiction","2011","3.94","506250","506250"
"114","A Walk to Remember","Nicholas Sparks","Romance","1999","4.15","546948","546948"
"115","Confessions of a Shopaholic (Shopaholic, #1)","Sophie Kinsella","Fiction","2000","3.61","543658","543658"
"116","Les Mis?rables","Victor Hugo","Fiction","1862","4.14","513407","513407"
"117","A Clash of Kings  (A Song of Ice and Fire, #2)","George R.R. Martin","Fantasy","1998","4.4","523303","523303"
"118","The Memory Keeper's Daughter","Kim Edwards","History","2005","3.64","501430","501430"
"119","Me Before You (Me Before You, #1)","Jojo Moyes","Fiction","2012","4.27","587647","587647"
"120","Catch-22","Joseph Heller","Fiction","1961","3.98","563265","563265"
"121","Tuesdays with Morrie","Mitch Albom","Fiction","1997","4.06","556518","556518"
"122","Middlesex","Jeffrey Eugenides","Fiction","2002","3.98","488243","488243"
"123","The Adventures of Tom Sawyer","Mark Twain","Fiction","1876","3.89","555359","555359"
"124","A Wrinkle in Time (A Wrinkle in Time Quintet, #1)","Madeleine L'Engle","Fiction","1962","4.04","615907","615907"
"125","The Joy Luck Club","Amy Tan","Fiction","1989","3.9","515090","515090"
"126","The Handmaid's Tale","Margaret Atwood","Fiction","1985","4.06","607889","607889"
"127","The Sisterhood of the Traveling Pants (Sisterhood, #1)","Ann Brashares","Fiction","2001","3.75","525706","525706"
"128","Lolita","Vladimir Nabokov","Fiction","1955","3.88","469836","469836"
"129","Wicked: The Life and Times of the Wicked Witch of the West (The Wicked Years, #1)","Gregory Maguire","Fiction","1995","3.52","506900","506900"
"130","The Firm (Penguin Readers, Level 5)","John Grisham","Fiction","1991","3.99","488269","488269"
"131","Room","Emma Donoghue","Fiction","2010","4.03","511360","511360"
"132","Hamlet","William Shakespeare","Fiction","1600","4","515820","515820"
"133","Dune (Dune Chronicles #1)","Frank Herbert","Science Fiction","1965","4.19","485032","485032"
"134","The Tipping Point: How Little Things Can Make a Big Difference","Malcolm Gladwell","Fiction","2000","3.92","490504","490504"
"135","Steve Jobs","Walter Isaacson","Biography","2011","4.09","560715","560715"
"136","One Flew Over the Cuckoo's Nest","Ken Kesey","Fiction","1962","4.18","491642","491642"
"137","The Old Man and the Sea","Ernest Hemingway","Fiction","1952","3.73","520630","520630"
"138","The Grapes of Wrath","John Steinbeck","Fiction","1939","3.92","322321","322321"
"139","The Five People You Meet in Heaven","Mitch Albom","Fiction","2003","3.9","449501","449501"
"140","Anne of Green Gables (Anne of Green Gables, #1)","L.M. Montgomery","Fiction","1908","4.23","502247","502247"
"141","City of Glass (The Mortal Instruments, #3)","Cassandra Clare","Fiction","2009","4.34","593173","593173"
"142","A Storm of Swords (A Song of Ice and Fire, #3)","George R.R. Martin","Fantasy","2000","4.54","469022","469022"
"143","Divine Secrets of the Ya-Ya Sisterhood","Rebecca Wells","Fiction","1996","3.79","465676","465676"
"144","Outlander (Outlander, #1)","Diana Gabaldon","Fiction","1991","4.2","515547","515547"
"145","The Scarlet Letter","Nathaniel Hawthorne","Fiction","1850","3.37","509883","509883"
"146","Miss Peregrine?s Home for Peculiar Children (Miss Peregrine?s Peculiar Children, #1)","Ransom Riggs","Fiction","2011","3.89","613674","613674"
"147","The Girl Who Kicked the Hornet's Nest (Millennium, #3)","Stieg Larsson","Fiction","2007","4.2","443951","443951"
"148","The Martian","Andy Weir","Science Fiction","2012","4.39","423344","423344"
"149","The Pillars of the Earth (The Kingsbridge Series, #1)","Ken Follett","Fiction","1989","4.29","462517","462517"
"150","All the Light We Cannot See","Anthony Doerr","Fiction","2014","4.31","470001","470001"
"151","Unbroken: A World War II Story of Survival, Resilience, and Redemption","Laura Hillenbrand","History","2010","4.4","487775","487775"
"152","Deception Point","Dan Brown","Fiction","2001","3.67","455610","455610"
"153","The Goldfinch","Donna Tartt","Fiction","2013","3.87","396756","396756"
"154","Thirteen Reasons Why","Jay Asher","Fiction","2007","4.02","463783","463783"
"155","Girl with a Pearl Earring","Tracy Chevalier","Fantasy","1999","3.85","467577","467577"
"156","If I Stay (If I Stay, #1)","Gayle Forman","Fiction","2009","3.96","503527","503527"
"157","The Red Tent","Anita Diamant","Fiction","1997","4.16","424981","424981"
"158","The Sea of Monsters (Percy Jackson and the Olympians, #2)","Rick Riordan","Fiction","2006","4.23","514932","514932"
"159","Dear John","Nicholas Sparks","Romance","2006","4.01","441062","441062"
"160","City of Ashes (The Mortal Instruments, #2)","Cassandra Clare","Fiction","2008","4.21","541117","541117"
"161","Macbeth","William Shakespeare","Fiction","1606","3.88","496018","496018"
"162","The Two Towers (The Lord of the Rings, #2)","J.R.R. Tolkien","Fantasy","1954","4.42","480446","480446"
"163","Something Borrowed (Darcy & Rachel, #1)","Emily Giffin","Fiction","2004","3.83","403601","403601"
"164","Green Eggs and Ham","Dr. Seuss","Fiction","1960","4.29","457475","457475"
"165","Charlie and the Chocolate Factory (Charlie Bucket, #1)","Roald Dahl","Fiction","1964","4.1","453959","453959"
"166","The Battle of the Labyrinth (Percy Jackson and the Olympians, #4)","Rick Riordan","Fiction","2008","4.39","508214","508214"
"167","Great Expectations","Charles Dickens","Fiction","1860","3.75","459247","459247"
"168","The Return of the King (The Lord of the Rings, #3)","J.R.R. Tolkien","Fantasy","1955","4.51","463959","463959"
"169","The Stranger","Albert Camus","Fiction","1942","3.96","420600","420600"
"170","The Lost Hero (The Heroes of Olympus, #1)","Rick Riordan","Fiction","2010","4.35","271576","271576"
"171","Eleanor & Park","Rainbow Rowell","Fiction","2013","4.11","514312","514312"
"172","A Feast for Crows (A Song of Ice and Fire, #4)","George R.R. Martin","Fantasy","2005","4.1","428186","428186"
"173","Matched (Matched, #1)","Ally Condie","Fiction","2010","3.68","511815","511815"
"174","American Gods (American Gods, #1)","Neil Gaiman","Fiction","2001","4.11","378019","378019"
"175","The Stand","Stephen King","Fiction","1978","4.34","438832","438832"
"176","The Last Song","Nicholas Sparks","Romance","2008","4.14","424637","424637"
"177","Digital Fortress","Dan Brown","Fiction","1998","3.6","423019","423019"
"178","Emma","Jane Austen","Romance","1815","3.99","459826","459826"
"179","Anna Karenina","Leo Tolstoy","Fiction","1877","4.02","297472","297472"
"180","A Clockwork Orange","Anthony Burgess","Self Help","1962","3.98","431195","431195"
"181","The Shack","William Paul Young","Fiction","2007","3.74","419539","419539"
"182","The Last Olympian (Percy Jackson and the Olympians, #5)","Rick Riordan","Fiction","2009","4.5","397500","397500"
"183","It","Stephen King","Fiction","1986","4.18","292592","292592"
"184","Crime and Punishment","Fyodor Dostoyevsky","Fiction","1866","4.18","380903","380903"
"185","The Bell Jar","Sylvia Plath","Fiction","1963","3.98","401605","401605"
"186","Angela's Ashes (Frank McCourt, #1)","Frank McCourt","Fiction","1996","4.07","392103","392103"
"187","Siddhartha","Hermann Hesse","Fiction","1922","3.99","372099","372099"
"188","In Cold Blood","Truman Capote","Fiction","1965","4.05","381652","381652"
"189","Beautiful Creatures (Caster Chronicles, #1)","Kami Garcia","Fiction","2009","3.76","436093","436093"
"190","Clockwork Angel (The Infernal Devices, #1)","Cassandra Clare","Self Help","2010","4.33","490890","490890"
"191","Matilda","Roald Dahl","Fiction","1988","4.29","440743","440743"
"192","The Night Circus","Erin Morgenstern","Fiction","2011","4.03","429543","429543"
"193","The Other Boleyn Girl (The Plantagenet and Tudor Novels, #9)","Philippa Gregory","Fiction","2001","4.04","381080","381080"
"194","Uglies (Uglies, #1)","Scott Westerfeld","Fiction","2005","3.86","449073","449073"
"195","A Dance with Dragons (A Song of Ice and Fire, #5)","George R.R. Martin","Fantasy","2011","4.31","365954","365954"
"196","The Lord of the Rings (The Lord of the Rings, #1-3)","J.R.R. Tolkien","Fantasy","1955","4.47","389054","389054"
"197","Wild: From Lost to Found on the Pacific Crest Trail","Cheryl Strayed","Fiction","2012","3.96","379872","379872"
"198","Watchmen","Alan Moore","Fiction","1987","4.35","398018","398018"
"199","The Name of the Wind (The Kingkiller Chronicle, #1)","Patrick Rothfuss","Fantasy","2007","4.55","400101","400101"
"200","Outliers: The Story of Success","Malcolm Gladwell","Fiction","2008","4.11","353011","353011"
"201","Moby-Dick or, The Whale","Herman Melville","Fiction","1851","3.46","358050","358050"
"202","The Guernsey Literary and Potato Peel Pie Society","Mary Ann Shaffer","Fiction","2008","4.12","393626","393626"
"203","Fight Club","Chuck Palahniuk","Fiction","1996","4.2","365349","365349"
"204","Dead Until Dark (Sookie Stackhouse, #1)","Charlaine Harris","Fiction","2001","3.96","420764","420764"
"205","The Color Purple","Alice Walker","Fiction","1982","4.17","376766","376766"
"206","Marley and Me: Life and Love With the World's Worst Dog","John Grogan","Romance","2005","4.12","367304","367304"
"207","And Then There Were None","Agatha Christie","Fiction","1939","4.23","408983","408983"
"208","The Lost Symbol (Robert Langdon, #3)","Dan Brown","Fiction","2009","3.66","369428","369428"
"209","Hush, Hush (Hush, Hush, #1)","Becca Fitzpatrick","Fiction","2009","4","448166","448166"
"210","Beautiful Disaster (Beautiful, #1)","Jamie McGuire","Fiction","2011","4.15","418309","418309"
"211","A Christmas Carol","Charles Dickens","Fiction","1843","4.02","394540","394540"
"212","Interview with the Vampire (The Vampire Chronicles, #1)","Anne Rice","Fiction","1976","3.97","372566","372566"
"213","The Selection (The Selection, #1)","Kiera Cass","Fiction","2012","4.15","505340","505340"
"214","One for the Money (Stephanie Plum, #1)","Janet Evanovich","Business","1994","4.03","391007","391007"
"215","The Immortal Life of Henrietta Lacks","Rebecca Skloot","Fiction","2010","4.04","377249","377249"
"216","The Silence of the Lambs  (Hannibal Lecter, #2)","Thomas Harris","Fiction","1988","4.14","351107","351107"
"217","Vampire Academy (Vampire Academy, #1)","Richelle Mead","Fiction","2007","4.14","248283","248283"
"218","Blink: The Power of Thinking Without Thinking","Malcolm Gladwell","Self Help","2005","3.89","348196","348196"
"219","Atonement","Ian McEwan","Fiction","2001","3.88","347006","347006"
"220","The Metamorphosis","Franz Kafka","Fiction","1915","3.78","364933","364933"
"221","The Titan's Curse (Percy Jackson and the Olympians, #3)","Rick Riordan","Fiction","2007","4.33","446668","446668"
"222","Ready Player One","Ernest Cline","Fiction","2011","4.31","349423","349423"
"223","The Art of Racing in the Rain","Garth Stein","Fiction","2006","4.19","327409","327409"
"224","The Devil in the White City: Murder, Magic, and Madness at the Fair That Changed America","Erik Larson","Thriller","2003","3.98","309385","309385"
"225","Bared to You (Crossfire, #1)","Sylvia Day","Fiction","2012","4.19","222678","222678"
"226","The Chronicles of Narnia (Chronicles of Narnia, #1-7)","C.S. Lewis","Fiction","1956","4.24","376385","376385"
"227","Twilight: The Complete Illustrated Movie Companion","Mark Cotta Vaz","Fiction","2000","4.23","291411","291411"
"228","A Child Called ""It"" (Dave Pelzer #1)","Dave Pelzer","Fiction","1995","4.08","311543","311543"
"229","The Bourne Identity (Jason Bourne, #1)","Robert Ludlum","Fiction","1980","3.98","327122","327122"
"230","Artemis Fowl (Artemis Fowl, #1)","Eoin Colfer","Fiction","2001","3.82","386923","386923"
"231","Fallen (Fallen, #1)","Lauren Kate","Fiction","2009","3.74","395296","395296"
"232","East of Eden","John Steinbeck","Fiction","1952","4.35","320919","320919"
"233","Dark Places","Gillian Flynn","Fiction","2009","3.92","333452","333452"
"234","The Client","John Grisham","Fiction","1993","3.97","320083","320083"
"235","The Nanny Diaries (Nanny, #1)","Emma McLaughlin","Fiction","2002","3.4","323762","323762"
"236","Alice's Adventures in Wonderland & Through the Looking-Glass","Lewis Carroll","Fiction","1865","4.06","340920","340920"
"237","Persuasion","Jane Austen","Romance","1817","4.13","365425","365425"
"238","Sarah's Key","Tatiana de Rosnay","Fiction","2007","4.14","312444","312444"
"239","The Gunslinger (The Dark Tower, #1)","Stephen King","Fiction","1982","3.99","332494","332494"
"240","Love in the Time of Cholera","Gabriel Garc?a M?rquez","Romance","1985","3.89","283806","283806"
"241","Speak","Laurie Halse Anderson","Fiction","1999","4","360156","360156"
"242","The Husband's Secret","Liane Moriarty","Fiction","2013","3.92","232106","232106"
"243","Into Thin Air: A Personal Account of the Mount Everest Disaster","Jon Krakauer","Fiction","1997","4.11","291258","291258"
"244","Carrie","Stephen King","Fiction","1974","3.93","356814","356814"
"245","Running with Scissors","Augusten Burroughs","Fiction","2002","3.7","293878","293878"
"246","World War Z: An Oral History of the Zombie War","Max Brooks","History","2006","4.01","312969","312969"
"247","Inferno (Robert Langdon, #4)","Dan Brown","Fiction","2013","3.8","287533","287533"
"248","Number the Stars","Lois Lowry","Fiction","1989","4.11","333638","333638"
"249","Along Came a Spider (Alex Cross, #1)","James Patterson","Fiction","1993","4.08","311499","311499"
"250","Misery","Stephen King","Fiction","1987","4.11","334647","334647"
"251","Sharp Objects","Gillian Flynn","Fiction","2006","3.92","207889","207889"
"252","Bridge to Terabithia","Katherine Paterson","Fiction","1977","3.98","337644","337644"
"253","Marked (House of Night, #1)","P.C. Cast","Fiction","2007","3.79","360044","360044"
"254","The 7 Habits of Highly Effective People: Powerful Lessons in Personal Change","Stephen R. Covey","Self Help","1989","4.05","314700","314700"
"255","A Midsummer Night's Dream","William Shakespeare","Fiction","1595","3.94","334241","334241"
"256","Extremely Loud and Incredibly Close","Jonathan Safran Foer","Fiction","2005","3.97","294726","294726"
"257","Wonder","R.J. Palacio","Fiction","2012","4.43","228538","228538"
"258","The Cat in the Hat","Dr. Seuss","Fiction","1957","4.15","314016","314016"
"259","Cinder (The Lunar Chronicles, #1)","Marissa Meyer","Fiction","2012","4.15","427663","427663"
"260","The Cuckoo's Calling (Cormoran Strike, #1)","Robert Galbraith","Fiction","2013","3.83","297712","297712"
"261","Shiver (The Wolves of Mercy Falls, #1)","Maggie Stiefvater","Fiction","2009","3.78","356625","356625"
"262","Atlas Shrugged","Ayn Rand","Fiction","1957","3.68","283295","283295"
"263","Three Cups of Tea: One Man's Mission to Promote Peace ... One School at a Time","Greg Mortenson","Fiction","2006","3.64","283516","283516"
"264","Alice in Wonderland","Jane Carruth","Fiction","1865","4.03","343252","343252"
"265","The Shadow of the Wind (The Cemetery of Forgotten Books,  #1)","Carlos Ruiz Zaf?n","Fantasy","2001","4.24","263685","263685"
"266","The Scorch Trials (Maze Runner, #2)","James Dashner","Fiction","2010","3.93","305643","305643"
"267","How to Win Friends and Influence People","Dale Carnegie","Fiction","1936","4.13","282623","282623"
"268","Under the Tuscan Sun","Frances Mayes","Fiction","1996","3.72","279264","279264"
"269","Big Little Lies","Liane Moriarty","Fiction","2014","4.2","306186","306186"
"270","Ella Enchanted","Gail Carson Levine","Fiction","1997","3.97","339117","339117"
"271","The Sun Also Rises","Ernest Hemingway","Fiction","1926","3.83","284988","284988"
"272","A Tree Grows in Brooklyn","Betty  Smith","Fiction","1943","4.24","291909","291909"
"273","Kiss the Girls (Alex Cross, #2)","James Patterson","Fiction","1995","3.93","274639","274639"
"274","The Nightingale","Kristin Hannah","Fiction","2015","4.54","253606","253606"
"275","Never Let Me Go","Kazuo Ishiguro","Fiction","2005","3.8","294123","294123"
"276","P.S. I Love You","Cecelia Ahern","Romance","2003","4.01","262921","262921"
"277","Rebecca","Daphne du Maurier","Fiction","1938","4.2","177384","177384"
"278","Flowers for Algernon","Daniel Keyes","Fiction","1966","4.07","313044","313044"
"279","Like Water for Chocolate","Laura Esquivel","Fiction","1989","3.94","263199","263199"
"280","Snow Flower and the Secret Fan","Lisa See","Fiction","2005","4.05","280475","280475"
"281","The Godfather","Mario Puzo","Fiction","1969","4.36","256480","256480"
"282","An Abundance of Katherines","John Green","Fiction","2006","3.63","312754","312754"
"283","Foundation (Foundation #1)","Isaac Asimov","Science Fiction","1951","4.13","279688","279688"
"284","The Ocean at the End of the Lane","Neil Gaiman","Fiction","2013","3.99","293844","293844"
"285","A Light in the Attic","Shel Silverstein","Fiction","1981","4.34","297861","297861"
"286","Harry Potter and the Cursed Child - Parts One and Two (Harry Potter, #8)","John Tiffany","Fantasy","2016","3.75","270603","270603"
"287","Delirium (Delirium, #1)","Lauren Oliver","Fiction","2011","3.99","256975","256975"
"288","The Pelican Brief","John Grisham","Fiction","1992","3.95","288376","288376"
"289","Coraline","Neil Gaiman","Fiction","2002","4.03","316379","316379"
"290","Good Omens: The Nice and Accurate Prophecies of Agnes Nutter, Witch","Terry Pratchett","Fiction","1990","4.25","298304","298304"
"291","On the Road","Jack Kerouac","Fiction","1955","3.64","246602","246602"
"292","The Rosie Project (Don Tillman, #1)","Graeme Simsion","Fiction","2013","4.01","251703","251703"
"293","The Lucky One","Nicholas Sparks","Romance","2008","4.1","267166","267166"
"294","The Fountainhead","Ayn Rand","Fiction","1943","3.85","244545","244545"
"295","The Hunt for Red October (Jack Ryan Universe, #4)","Tom Clancy","Fiction","1984","4.01","270318","270318"
"296","Watership Down (Watership Down, #1)","Richard Adams","Fiction","1972","4.05","292426","292426"
"297","Is Everyone Hanging Out Without Me? (And Other Concerns)","Mindy Kaling","Fiction","2011","3.84","290674","290674"
"298","Cutting for Stone","Abraham Verghese","Fiction","2009","4.28","258319","258319"
"299","The Voyage of the Dawn Treader (Chronicles of Narnia, #3)","C.S. Lewis","Fiction","1951","4.08","306492","306492"
"300","Treasure Island","Robert Louis Stevenson","Fiction","1882","3.82","268012","268012"
"301","The Son of Neptune (The Heroes of Olympus, #2)","Rick Riordan","Fiction","2011","4.44","299980","299980"
"302","11/22/63","Stephen King","Fiction","2011","4.29","258464","258464"
"303","The Very Hungry Caterpillar Board Book","Eric Carle","Fiction","1969","4.29","296952","296952"
"304","Cat's Cradle","Kurt Vonnegut Jr.","Fiction","1963","4.18","238940","238940"
"305","The Time Machine","H.G. Wells","Science Fiction","1895","3.87","276076","276076"
"306","Heaven is for Real: A Little Boy's Astounding Story of His Trip to Heaven and Back","Todd Burpo","Fiction","2010","4.01","228371","228371"
"307","The Boy in the Striped Pajamas","John Boyne","Fiction","2006","4.1","285692","285692"
"308","Heart of Darkness","Joseph Conrad","Fiction","1899","3.42","255576","255576"
"309","Safe Haven","Nicholas Sparks","Romance","2010","4.19","255531","255531"
"310","The Secret (The Secret, #1)","Rhonda Byrne","Fiction","2006","3.62","241537","241537"
"311","I Know This Much Is True","Wally Lamb","Fiction","1998","4.17","246917","246917"
"312","Pet Sematary","Stephen King","Fiction","1983","3.91","256383","256383"
"313","She's Come Undone","Wally Lamb","Fiction","1992","3.84","259576","259576"
"314","The Wise Man's Fear (The Kingkiller Chronicle, #2)","Patrick Rothfuss","Fantasy","2011","4.57","245686","245686"
"315","Can You Keep a Secret?","Sophie Kinsella","Fiction","2003","3.83","278747","278747"
"316","City of Fallen Angels (The Mortal Instruments, #4)","Cassandra Clare","Fiction","2011","4.16","341826","341826"
"317","Good in Bed (Cannie Shapiro, #1)","Jennifer Weiner","Fiction","2001","3.7","248804","248804"
"318","The Thorn Birds","Colleen McCullough","Fiction","1977","4.22","255651","255651"
"319","The Graveyard Book","Neil Gaiman","Fiction","2008","4.12","302303","302303"
"320","The Light Between Oceans","M.L. Stedman","Fiction","2012","4","243526","243526"
"321","Inkheart (Inkworld, #1)","Cornelia Funke","History","2003","3.86","285011","285011"
"322","Who Moved My Cheese?","Spencer Johnson","Fiction","1998","3.74","237272","237272"
"323","A Walk in the Woods","Bill Bryson","Fiction","1997","4.05","250192","250192"
"324","I Know Why the Caged Bird Sings","Maya Angelou","Fiction","1969","4.19","270859","270859"
"325","Orphan Train","Christina Baker Kline","Fiction","2013","4.14","226091","226091"
"326","City of Lost Souls (The Mortal Instruments, #5)","Cassandra Clare","Fiction","2012","4.3","300553","300553"
"327","Where'd You Go, Bernadette","Maria Semple","Fiction","2012","3.9","215453","215453"
"328","Where the Red Fern Grows","Wilson Rawls","Fiction","1961","4.04","268548","268548"
"329","Neverwhere","Neil Gaiman","Fiction","1996","4.18","268318","268318"
"330","The Unbearable Lightness of Being","Milan Kundera","Fiction","1984","4.08","205279","205279"
"331","Fangirl","Rainbow Rowell","Fiction","2013","4.12","340379","340379"
"332","A Prayer for Owen Meany","John Irving","Fiction","1989","4.22","226964","226964"
"333","White Oleander","Janet Fitch","Fiction","1999","3.93","245674","245674"
"334","Legend (Legend, #1)","Marie Lu","Fiction","2011","4.19","299998","299998"
"335","Nineteen Minutes","Jodi Picoult","Fiction","2007","4.1","235978","235978"
"336","The Last Lecture","Randy Pausch","Fiction","2008","4.25","241869","241869"
"337","The Eye of the World (Wheel of Time, #1)","Robert Jordan","History","1990","4.18","260184","260184"
"338","The Pact","Jodi Picoult","Fiction","1998","4","221225","221225"
"339","The Magician's Nephew (Chronicles of Narnia, #6)","C.S. Lewis","Fiction","1953","4.01","268355","268355"
"340","Still Alice","Lisa Genova","Fiction","2007","4.3","223432","223432"
"341","Reflected in You (Crossfire, #2)","Sylvia Day","Fiction","2012","4.33","252564","252564"
"342","James and the Giant Peach","Roald Dahl","Fiction","1961","3.99","270402","270402"
"343","1st to Die (Women's Murder Club, #1)","James Patterson","Thriller","2001","4.05","233984","233984"
"344","The Ultimate Hitchhiker's Guide to the Galaxy","Douglas Adams","Science Fiction","1996","4.37","222842","222842"
"345","One Day","David Nicholls","Fiction","2009","3.77","222926","222926"
"346","Goodnight Moon","Margaret Wise Brown","Fiction","1947","4.27","244842","244842"
"347","I Am Number Four (Lorien Legacies, #1)","Pittacus Lore","Fiction","2010","3.94","253437","253437"
"348","The Iliad","Homer","Fiction","2000","3.83","241088","241088"
"349","The Casual Vacancy","J.K. Rowling","Fantasy","2012","3.28","231835","231835"
"350","The Runaway Jury","John Grisham","Fiction","1996","3.96","222712","222712"
"351","Naked","David Sedaris","Fiction","1997","4.08","201337","201337"
"352","Eldest (The Inheritance Cycle, #2)","Christopher Paolini","Fiction","2005","3.96","250000","250000"
"353","The Wonderful Wizard of Oz (Oz, #1)","L. Frank Baum","Fantasy","1900","3.98","247521","247521"
"354","Prince Caspian (Chronicles of Narnia, #2)","C.S. Lewis","Fiction","1951","3.96","250221","250221"
"355","We Were Liars","E. Lockhart","Fiction","2014","3.85","273442","273442"
"356","'Salem's Lot","Stephen King","Fiction","1975","3.99","228680","228680"
"357","Fear and Loathing in Las Vegas","Hunter S. Thompson","Fiction","1971","4.08","232489","232489"
"358","Clockwork Prince (The Infernal Devices, #2)","Cassandra Clare","Self Help","2011","4.46","307994","307994"
"359","Yes Please","Amy Poehler","Fiction","2014","3.81","251082","251082"
"360","Othello","William Shakespeare","Fiction","1603","3.88","238875","238875"
"361","Beloved","Toni Morrison","Romance","1987","3.77","233825","233825"
"362","Graceling (Graceling Realm, #1)","Kristin Cashore","Fiction","2008","4.1","281185","281185"
"363","The Bad Beginning (A Series of Unfortunate Events, #1)","Lemony Snicket","Fiction","1999","3.89","275670","275670"
"364","All Quiet on the Western Front","Erich Maria Remarque","Fiction","1929","3.92","249113","249113"
"365","Oh, The Places You'll Go!","Dr. Seuss","Fiction","1990","4.34","257260","257260"
"366","And the Mountains Echoed","Khaled Hosseini","Fiction","2012","4.03","199326","199326"
"367","Do Androids Dream of Electric Sheep?","Philip K. Dick","Fiction","1968","4.08","223828","223828"
"368","Oliver Twist","Charles Dickens","Fiction","1838","3.85","230181","230181"
"369","The Screwtape Letters","C.S. Lewis","Fiction","1942","4.21","116277","116277"
"370","Anna and the French Kiss (Anna and the French Kiss, #1)","Stephanie Perkins","Fiction","2010","4.08","259479","259479"
"371","How the Grinch Stole Christmas!","Dr. Seuss","Fiction","1957","4.36","250602","250602"
"372","V for Vendetta","Alan Moore","Fiction","1990","4.25","210682","210682"
"373","John Adams","David McCullough","Fiction","2001","4.05","215780","215780"
"374","Odd Thomas (Odd Thomas, #1)","Dean Koontz","Fiction","2003","3.94","205986","205986"
"375","The Subtle Knife (His Dark Materials, #2)","Philip Pullman","Fiction","1997","4.1","242503","242503"
"376","Stargirl (Stargirl, #1)","Jerry Spinelli","Fiction","2000","3.74","237560","237560"
"377","The Red Pyramid (Kane Chronicles, #1)","Rick Riordan","Fiction","2010","4.06","232791","232791"
"378","Stranger in a Strange Land","Robert A. Heinlein","Fiction","1961","3.91","220301","220301"
"379","Dress Your Family in Corduroy and Denim","David Sedaris","Fiction","2004","4.08","191923","191923"
"380","The BFG","Roald Dahl","Fiction","1982","4.22","245855","245855"
"381","A Short History of Nearly Everything","Bill Bryson","History","2003","4.19","191535","191535"
"382","The Call of the Wild","Jack London","Fiction","1903","3.83","223932","223932"
"383","The Death Cure (Maze Runner, #3)","James Dashner","Fiction","2011","3.77","223674","223674"
"384","Stardust","Neil Gaiman","Fiction","1999","4.07","237602","237602"
"385","The Namesake","Jhumpa Lahiri","Fiction","2003","3.96","184211","184211"
"386","A Discovery of Witches (All Souls Trilogy, #1)","Deborah Harkness","Fiction","2011","3.99","226622","226622"
"387","Norwegian Wood","Haruki Murakami","Fiction","1987","4.02","183988","183988"
"388","Where the Heart Is","Billie Letts","Fiction","1995","4","208333","208333"
"389","Will Grayson, Will Grayson","John Green","Fiction","2010","3.84","236431","236431"
"390","A Million Little Pieces","James Frey","Fiction","2003","3.62","184241","184241"
"391","Frostbite (Vampire Academy, #2)","Richelle Mead","Fiction","2008","4.3","256745","256745"
"392","Quiet: The Power of Introverts in a World That Can't Stop Talking","Susan Cain","History","2012","4.04","202135","202135"
"393","Island of the Blue Dolphins (Island of the Blue Dolphins, #1)","Scott O'Dell","Fiction","1960","3.8","236015","236015"
"394","The Crucible","Arthur Miller","Fiction","1953","3.55","242980","242980"
"395","Hatchet (Brian's Saga, #1)","Gary Paulsen","Fiction","1986","3.68","222553","222553"
"396","The Final Empire (Mistborn, #1)","Brandon Sanderson","Fantasy","2006","4.43","208944","208944"
"397","The Strange Case of Dr. Jekyll and Mr. Hyde","Robert Louis Stevenson","Fiction","1886","3.79","223535","223535"
"398","The Lorax","Dr. Seuss","Fiction","1971","4.35","226564","226564"
"399","Diary of a Wimpy Kid (Diary of a Wimpy Kid, #1)","Jeff Kinney","Biography","2004","3.96","254852","254852"
"400","Throne of Glass (Throne of Glass, #1)","Sarah J. Maas","Fantasy","2012","4.24","274987","274987"
"401","Shadow Kiss (Vampire Academy, #3)","Richelle Mead","Fiction","2008","4.37","266742","266742"
"402","For Whom the Bell Tolls","Ernest Hemingway","Fiction","1940","3.95","195063","195063"
"403","Hotel on the Corner of Bitter and Sweet","Jamie Ford","Fiction","2009","3.98","197294","197294"
"404","Perfume: The Story of a Murderer","Patrick S?skind","Thriller","1985","4","178135","178135"
"405","Fast Food Nation: The Dark Side of the All-American Meal","Eric Schlosser","Fiction","2001","3.73","179347","179347"
"406","The Tales of Beedle the Bard","J.K. Rowling","Fantasy","2007","4.06","284833","284833"
"407","Neuromancer","William Gibson","Romance","1984","3.88","183878","183878"
"408","A Farewell to Arms","Ernest Hemingway","Fiction","1929","3.79","186613","186613"
"409","The Tell-Tale Heart and Other Writings","Edgar Allan Poe","Fiction","1843","4.15","195689","195689"
"410","The Art of War","Sun Tzu","History","2000","3.95","167332","167332"
"411","Defending Jacob","William Landay","Fiction","2012","3.97","182025","182025"
"412","Breakfast of Champions","Kurt Vonnegut Jr.","Fiction","1973","4.08","178154","178154"
"413","The New Drawing on the Right Side of the Brain","Betty Edwards","History","1979","3.84","218264","218264"
"414","Bel Canto","Ann Patchett","Fiction","2001","3.92","192330","192330"
"415","Guns, Germs, and Steel: The Fates of Human Societies","Jared Diamond","Fiction","1997","4","171558","171558"
"416","Fried Green Tomatoes at the Whistle Stop Cafe","Fannie Flagg","Fiction","1987","4.26","207508","207508"
"417","Things Fall Apart (The African Trilogy, #1)","Chinua Achebe","Fiction","1958","3.61","199346","199346"
"418","The Undomestic Goddess","Sophie Kinsella","Fiction","2005","3.82","200509","200509"
"419","The Five Love Languages: How to Express Heartfelt Commitment to Your Mate","Gary Chapman","Romance","1990","4.23","165675","165675"
"420","The Three Musketeers","Alexandre Dumas","Fiction","1844","4.06","195274","195274"
"421","Little Bee","Chris Cleave","Fiction","2008","3.7","116784","116784"
"422","Evermore (The Immortals, #1)","Alyson Noel","Fiction","2009","3.59","230031","230031"
"423","The Witches","Roald Dahl","Fiction","1983","4.17","221431","221431"
"424","The Thirteenth Tale","Diane Setterfield","Fiction","2006","3.95","213200","213200"
"425","Spirit Bound (Vampire Academy, #5)","Richelle Mead","Fiction","2010","4.37","224247","224247"
"426","Blood Promise (Vampire Academy, #4)","Richelle Mead","Fiction","2009","4.35","231853","231853"
"427","Message in a Bottle","Nicholas Sparks","Romance","1998","3.95","185116","185116"
"428","The Paris Wife","Paula McLain","Fiction","2011","3.79","191850","191850"
"429","Harry Potter Boxset (Harry Potter, #1-7)","J.K. Rowling","Fantasy","1998","4.74","190050","190050"
"430","The Elite (The Selection, #2)","Kiera Cass","Fiction","2013","4.02","234247","234247"
"431","The Name of the Rose","Umberto Eco","Fiction","1980","4.11","200217","200217"
"432","Go Ask Alice","Beatrice Sparks","Fiction","1971","3.77","196677","196677"
"433","A Confederacy of Dunces","John Kennedy Toole","Fiction","1980","3.89","170776","170776"
"434","The Importance of Being Earnest","Oscar Wilde","Fiction","1895","4.17","210630","210630"
"435","The Mark of Athena (The Heroes of Olympus, #3)","Rick Riordan","Fiction","2012","4.47","277491","277491"
"436","The Color of Magic (Discworld, #1; Rincewind #1)","Terry Pratchett","Fantasy","1983","3.97","190590","190590"
"437","Kafka on the Shore","Haruki Murakami","Fiction","2002","4.13","167593","167593"
"438","Red Dragon (Hannibal Lecter, #1)","Thomas Harris","Fantasy","1981","4.01","194013","194013"
"439","I, Robot (Robot #0.1)","Isaac Asimov","Science Fiction","1950","4.17","198368","198368"
"440","Dark Lover (Black Dagger Brotherhood, #1)","J.R. Ward","Romance","2005","4.21","227021","227021"
"441","Crescendo (Hush, Hush, #2)","Becca Fitzpatrick","Fiction","2010","4.07","226237","226237"
"442","Before I Fall","Lauren Oliver","Fiction","2010","3.92","220160","220160"
"443","The God of Small Things","Arundhati Roy","Fiction","1997","3.91","165378","165378"
"444","The Invention of Wings","Sue Monk Kidd","Fiction","2014","4.23","168006","168006"
"445","What Alice Forgot","Liane Moriarty","Fiction","2009","4.05","165704","165704"
"446","A Brief History of Time","Stephen Hawking","History","1987","4.12","165628","165628"
"447","Fall of Giants (The Century Trilogy, #1)","Ken Follett","Fiction","2010","4.26","168911","168911"
"448","Under the Dome","Stephen King","Fiction","2009","3.89","183292","183292"
"449","Snow Crash","Neal Stephenson","Fiction","1992","4.02","175883","175883"
"450","Just Listen","Sarah Dessen","Fiction","2006","4.06","202180","202180"
"451","Winnie-the-Pooh (Winnie-the-Pooh, #1)","A.A. Milne","Fiction","1926","4.34","207550","207550"
"452","Before I Go to Sleep","S.J. Watson","Fiction","2011","3.87","180896","180896"
"453","A Study in Scarlet","Arthur Conan Doyle","Fiction","1887","4.15","201499","201499"
"454","Brisingr (The Inheritance Cycle, #3)","Christopher Paolini","Fiction","2008","4.03","211645","211645"
"455","The Purpose Driven Life: What on Earth Am I Here for?","Rick Warren","History","2002","3.9","170491","170491"
"456","Betrayed (House of Night, #2)","P.C. Cast","Fiction","2007","3.93","205340","205340"
"457","Storm Front (The Dresden Files, #1)","Jim Butcher","Fiction","2000","4.02","203053","203053"
"458","Northanger Abbey","Jane Austen","Romance","1817","3.8","205167","205167"
"459","The 5th Wave (The 5th Wave, #1)","Rick Yancey","Fiction","2013","4.1","260048","260048"
"460","Cold Mountain","Charles Frazier","Fiction","1997","3.83","185979","185979"
"461","If You Give a Mouse a Cookie","Laura Joffe Numeroff","Fiction","1985","4.24","198083","198083"
"462","Something Blue (Darcy & Rachel, #2)","Emily Giffin","Fiction","2005","3.92","172417","172417"
"463","A Streetcar Named Desire","Tennessee Williams","Fiction","1947","3.97","194493","194493"
"464","The Historian","Elizabeth Kostova","Fiction","2005","3.77","190473","190473"
"465","Station Eleven","Emily St. John Mandel","Fiction","2014","4.02","160466","160466"
"466","A Man Called Ove","Fredrik Backman","Fiction","2012","4.35","183777","183777"
"467","Clockwork Princess (The Infernal Devices, #3)","Cassandra Clare","Self Help","2013","4.59","162099","162099"
"468","The Good Earth (House of Earth, #1)","Pearl S. Buck","Fiction","1931","3.97","182220","182220"
"469","Ways of Seeing","John Berger","Fiction","1972","3.75","155658","155658"
"470","Dragonfly in Amber (Outlander, #2)","Diana Gabaldon","Fantasy","1992","4.31","178110","178110"
"471","Holy Bible: King James Version","Anonymous","Fiction","1611","4.43","159457","159457"
"472","In Her Shoes","Jennifer Weiner","Fiction","2002","3.78","167400","167400"
"473","The Hobbit: Graphic Novel","Chuck Dixon","Fantasy","1989","4.48","155338","155338"
"474","The Brief Wondrous Life of Oscar Wao","Junot D?az","Fiction","2007","3.89","160330","160330"
"475","Their Eyes Were Watching God","Zora Neale Hurston","Fiction","1937","3.87","181106","181106"
"476","Fantastic Beasts and Where to Find Them","Newt Scamander","Fiction","2001","3.95","185928","185928"
"477","I Am Malala: The Story of the Girl Who Stood Up for Education and Was Shot by the Taliban","Malala Yousafzai","Fiction","2012","4.06","214412","214412"
"478","Mansfield Park","Jane Austen","Romance","1814","3.84","205064","205064"
"479","Man's Search for Meaning","Viktor E. Frankl","Fiction","1946","4.33","171281","171281"
"480","In the Woods (Dublin Murder Squad, #1)","Tana French","Thriller","2007","3.74","188024","188024"
"481","The God Delusion","Richard Dawkins","Fiction","2006","3.89","162740","162740"
"482","Where She Went (If I Stay, #2)","Gayle Forman","Fiction","2011","4.06","193141","193141"
"483","The World According to Garp","John Irving","History","1978","4.07","167106","167106"
"484","Killing Floor (Jack Reacher, #1)","Lee Child","Fiction","1997","4.04","162972","162972"
"485","Robinson Crusoe","Daniel Defoe","Fiction","1719","3.66","178188","178188"
"486","The Prince","Niccol? Machiavelli","Fiction","1513","3.78","153128","153128"
"487","The Amber Spyglass (His Dark Materials, #3)","Philip Pullman","Fiction","2000","4.06","192315","192315"
"488","Wizard's First Rule (Sword of Truth, #1)","Terry Goodkind","Fantasy","1994","4.13","175771","175771"
"489","The Kitchen House","Kathleen Grissom","Fiction","2010","4.18","168082","168082"
"490","Franny and Zooey","J.D. Salinger","Fiction","1961","3.98","152906","152906"
"491","Choke","Chuck Palahniuk","Fiction","2001","3.69","154643","154643"
"492","The Brothers Karamazov","Fyodor Dostoyevsky","Fiction","1880","4.3","155838","155838"
"493","The City of Ember (Book of Ember, #1)","Jeanne DuPrau","Fiction","2003","3.85","198809","198809"
"494","The Andromeda Strain","Michael Crichton","Fiction","1969","3.87","173186","173186"
"495","The Green Mile","Stephen King","Fiction","1996","4.42","173950","173950"
"496","The Prophet","Kahlil Gibran","Fiction","1923","4.22","142641","142641"
"497","Maus I: A Survivor's Tale: My Father Bleeds History (Maus, #1)","Art Spiegelman","History","1985","4.35","184007","184007"
"498","Untamed (House of Night, #4)","P.C. Cast","Fiction","2008","3.95","191743","191743"
"499","Speaker for the Dead (Ender's Saga, #2)","Orson Scott Card","Science Fiction","1986","4.04","164287","164287"
"500","Mere Christianity","C.S. Lewis","Fiction","1952","4.31","184759","184759"
"501","The Secret History","Donna Tartt","History","1992","4.07","168405","168405"
"502","A Heartbreaking Work of Staggering Genius","Dave Eggers","Fantasy","2000","3.68","145459","145459"
"503","The Clan of the Cave Bear (Earth's Children, #1)","Jean M. Auel","Fiction","1980","4.02","176062","176062"
"504","Black Beauty","Anna Sewell","Fiction","1877","3.94","183255","183255"
"505","War and Peace","Leo Tolstoy","History","1869","4.11","168037","168037"
"506","American Psycho","Bret Easton Ellis","Fiction","1991","3.81","166083","166083"
"507","The Princess Diaries (The Princess Diaries, #1)","Meg Cabot","Fiction","2000","3.76","193140","193140"
"508","The No. 1 Ladies' Detective Agency  (No. 1 Ladies' Detective Agency, #1)","Alexander McCall Smith","Thriller","1998","3.75","180320","180320"
"509","The Walking Dead, Vol. 01: Days Gone Bye","Robert Kirkman","Fiction","2004","4.3","164530","164530"
"510","2001: A Space Odyssey (Space Odyssey, #1)","Arthur C. Clarke","Science Fiction","1968","4.12","170841","170841"
"511","Redeeming Love","Francine Rivers","Romance","1991","4.48","157506","157506"
"512","Left Behind (Left Behind, #1)","Tim LaHaye","Fiction","1995","3.81","161173","161173"
"513","The One (The Selection, #3)","Kiera Cass","Fiction","2014","4.21","139544","139544"
"514","The Hunger Games Trilogy Boxset (The Hunger Games, #1-3)","Suzanne Collins","Science Fiction","2010","4.49","129665","129665"
"515","Nickel and Dimed: On (Not) Getting By in America","Barbara Ehrenreich","Fiction","2001","3.6","152786","152786"
"516","Remember Me?","Sophie Kinsella","Fiction","2008","3.76","170096","170096"
"517","The Great Hunt (Wheel of Time, #2)","Robert Jordan","Fiction","1990","4.2","162595","162595"
"518","Postmortem (Kay Scarpetta, #1)","Patricia Cornwell","Fiction","1990","4.01","167379","167379"
"519","The Complete Stories and Poems","Edgar Allan Poe","Fiction","1849","4.37","160063","160063"
"520","The Hiding Place: The Triumphant True Story of Corrie Ten Boom","Corrie ten Boom","Fiction","1971","4.42","171384","171384"
"521","The Adventures of Sherlock Holmes","Arthur Conan Doyle","Fiction","1892","4.29","139816","139816"
"522","The Prince of Tides","Pat Conroy","Fiction","1986","4.22","159596","159596"
"523","The Amazing Adventures of Kavalier & Clay","Michael Chabon","Fiction","2000","4.17","147717","147717"
"524","Perfect Chemistry (Perfect Chemistry, #1)","Simone Elkeles","Fiction","2008","4.07","198627","198627"
"525","Peter Pan","J.M. Barrie","Fiction","1904","4.1","169306","169306"
"526","Pretties (Uglies, #2)","Scott Westerfeld","Fiction","2005","3.85","193405","193405"
"527","The Wind-Up Bird Chronicle","Haruki Murakami","Fantasy","1994","4.17","133408","133408"
"528","The Lincoln Lawyer (Mickey Haller, #1; Harry Bosch Universe, #16)","Michael Connelly","Fiction","2005","4.14","149438","149438"
"529","Cloud Atlas","David Mitchell","Fiction","2004","4.01","152441","152441"
"530","The Things They Carried","Tim O'Brien","Fiction","1990","4.12","168678","168678"
"531","Wall and Piece","Banksy","Fiction","1988","3.83","149453","149453"
"532","Pandemonium (Delirium, #2)","Lauren Oliver","Fiction","2012","4.07","181656","181656"
"533","Darkly Dreaming Dexter (Dexter, #1)","Jeff Lindsay","Fiction","2004","3.89","150055","150055"
"534","Living Dead in Dallas (Sookie Stackhouse, #2)","Charlaine Harris","Fiction","2002","3.97","190565","190565"
"535","The Dragon Reborn (Wheel of Time, #3)","Robert Jordan","Fantasy","1991","4.23","153809","153809"
"536","Gulliver's Travels","Jonathan Swift","Fiction","1726","3.55","168727","168727"
"537","Much Ado About Nothing","William Shakespeare","Fiction","1598","4.06","175616","175616"
"538","Beowulf","Unknown","Fiction","975","3.42","155903","155903"
"539","Batman: Year One","Frank Miller","Fiction","1987","4.23","145267","145267"
"540","Go Set a Watchman","Harper Lee","Fiction","2015","3.31","138669","138669"
"541","When You Are Engulfed in Flames","David Sedaris","Fiction","2008","4.04","150898","150898"
"542","Daughter of Smoke & Bone (Daughter of Smoke & Bone, #1)","Laini Taylor","Fiction","2011","4.04","198283","198283"
"543","Red Queen (Red Queen, #1)","Victoria Aveyard","Fiction","2015","4.08","83354","83354"
"544","The Power of Habit: Why We Do What We Do in Life and Business","Charles Duhigg","Self Help","2011","4.03","155977","155977"
"545","Midnight in the Garden of Good and Evil","John Berendt","Fiction","1994","3.9","167997","167997"
"546","Hopeless (Hopeless, #1)","Colleen Hoover","Fiction","2012","4.34","189938","189938"
"547","A Little Princess","Frances Hodgson Burnett","Fiction","1905","4.2","199872","199872"
"548","The Truth About Forever","Sarah Dessen","Fiction","2004","4.13","179415","179415"
"549","The Horse and His Boy (Chronicles of Narnia, #5)","C.S. Lewis","Fiction","1954","3.9","189671","189671"
"550","Last Sacrifice (Vampire Academy, #6)","Richelle Mead","Fiction","2010","4.42","206792","206792"
"551","Little House on the Prairie (Little House, #2)","Laura Ingalls Wilder","Fiction","1935","4.18","195424","195424"
"552","The Velveteen Rabbit","Margery Williams Bianco","Fiction","1922","4.29","173469","173469"
"553","Zen and the Art of Motorcycle Maintenance: An Inquiry Into Values","Robert M. Pirsig","Fiction","1974","3.76","139411","139411"
"554","The War of the Worlds","H.G. Wells","History","1897","3.8","159752","159752"
"555","Pretty Little Liars (Pretty Little Liars, #1)","Sara Shepard","Fiction","2006","3.9","156328","156328"
"556","Corduroy","Don Freeman","Fiction","1948","4.28","160860","160860"
"557","The Omnivore's Dilemma: A Natural History of Four Meals","Michael Pollan","History","2006","4.17","133271","133271"
"558","Life After Life","Kate Atkinson","Fiction","2013","3.74","138454","138454"
"559","The Rescue","Nicholas Sparks","Romance","2000","4.1","142092","142092"
"560","Needful Things","Stephen King","Fiction","1991","3.87","153821","153821"
"561","Voyager (Outlander, #3)","Diana Gabaldon","Fiction","1993","4.38","157395","157395"
"562","Hamlet: Screenplay, Introduction And Film Diary","Kenneth Branagh","Biography","1996","4.12","156869","156869"
"563","Cujo","Stephen King","Fiction","1981","3.65","158215","158215"
"564","The Virgin Suicides","Jeffrey Eugenides","Fiction","1993","3.83","159249","159249"
"565","Dead to the World (Sookie Stackhouse, #4)","Charlaine Harris","History","2004","4.13","199572","199572"
"566","Tess of the D'Urbervilles","Thomas Hardy","Fiction","1891","3.77","171599","171599"
"567","Madame Bovary","Gustave Flaubert","Fiction","1856","3.64","158877","158877"
"568","The Phantom Tollbooth","Norton Juster","Fiction","1961","4.22","178432","178432"
"569","The Way of Kings (The Stormlight Archive, #1)","Brandon Sanderson","Fantasy","2010","4.64","144822","144822"
"570","Club Dead (Sookie Stackhouse, #3)","Charlaine Harris","Fiction","2003","4.03","181323","181323"
"571","It's Kind of a Funny Story","Ned Vizzini","Fiction","2006","4.14","161001","161001"
"572","The Well of Ascension (Mistborn, #2)","Brandon Sanderson","Fantasy","2007","4.35","150736","150736"
"573","After You (Me Before You, #2)","Jojo Moyes","Fiction","2015","3.7","99342","99342"
"574","The Language of Flowers","Vanessa Diffenbaugh","Fiction","2011","4.07","140076","140076"
"575","Batman: The Dark Knight Returns (The Dark Knight Saga, #1)","Frank Miller","Fiction","1986","4.25","135979","135979"
"576","The Angel Experiment (Maximum Ride, #1)","James Patterson","Fiction","2005","4.08","172302","172302"
"577","High Fidelity","Nick Hornby","Fiction","1995","3.94","134849","134849"
"578","The Guardian","Nicholas Sparks","Romance","2003","4.14","136427","136427"
"579","Oryx and Crake (MaddAddam, #1)","Margaret Atwood","Fiction","2003","4","151500","151500"
"580","Men Are from Mars, Women Are from Venus","John Gray","Fiction","1998","3.52","113915","113915"
"581","Kitchen Confidential: Adventures in the Culinary Underbelly","Anthony Bourdain","Fiction","2000","4","134177","134177"
"582","Timeline","Michael Crichton","Fiction","1999","3.83","148563","148563"
"583","Candide","Voltaire","Fiction","1759","3.76","151471","151471"
"584","Tuck Everlasting","Natalie Babbitt","Fiction","1975","3.85","174280","174280"
"585","Christine","Stephen King","Fiction","1983","3.72","151160","151160"
"586","Are You My Mother?","P.D. Eastman","Fiction","1960","4.16","174204","174204"
"587","The Story of Art","E.H. Gombrich","Fiction","1950","3.83","164708","164708"
"588","Scarlet (The Lunar Chronicles, #2)","Marissa Meyer","Fiction","2013","4.3","193766","193766"
"589","Rich Dad, Poor Dad","Robert T. Kiyosaki","Business","1997","3.95","153764","153764"
"590","Silence (Hush, Hush, #3)","Becca Fitzpatrick","Fiction","2011","4.16","190722","190722"
"591","The Magicians (The Magicians #1)","Lev Grossman","Fiction","2009","3.47","147908","147908"
"592","Death Note, Vol. 1: Boredom (Death Note, #1)","Tsugumi Ohba","Fiction","2004","4.42","139501","139501"
"593","A Great and Terrible Beauty (Gemma Doyle, #1)","Libba Bray","Fiction","2003","3.79","173613","173613"
"594","Everything Is Illuminated","Jonathan Safran Foer","Fiction","2002","3.9","131492","131492"
"595","The Bourne Supremacy (Jason Bourne, #2)","Robert Ludlum","Fiction","1986","4.09","142168","142168"
"596","Easy (Contours of the Heart, #1)","Tammara Webber","Fiction","2012","4.11","133937","133937"
"597","David Copperfield","Charles Dickens","Fiction","1849","3.96","150512","150512"
"598","The Absolutely True Diary of a Part-Time Indian","Sherman Alexie","Biography","2007","4.11","160607","160607"
"599","The Master and Margarita","Mikhail Bulgakov","Fiction","1967","4.32","131389","131389"
"600","A Wizard of Earthsea (Earthsea Cycle, #1)","Ursula K. Le Guin","Fantasy","1968","3.99","155042","155042"
"601","Because of Winn-Dixie","Kate DiCamillo","Fiction","2000","4","154476","154476"
"602","A Separate Peace","John Knowles","Fiction","1959","3.56","155901","155901"
"603","The Rainmaker","John Grisham","Fiction","1995","3.91","137412","137412"
"604","Don Quixote","Miguel de Cervantes Saavedra","Fiction","1605","3.85","134931","134931"
"605","Assassin's Apprentice (Farseer Trilogy, #1)","Robin Hobb","Fiction","1995","4.14","132777","132777"
"606","The Restaurant at the End of the Universe (Hitchhiker's Guide, #2)","Douglas Adams","Fiction","1980","4.22","153838","153838"
"607","Torment (Fallen, #2)","Lauren Kate","Fiction","2010","3.89","174393","174393"
"608","The Tale of Peter Rabbit","Beatrix Potter","Fiction","1901","4.17","162373","162373"
"609","The Silver Chair (Chronicles of Narnia, #4)","C.S. Lewis","Fiction","1953","3.95","170453","170453"
"610","The Hero of Ages (Mistborn, #3)","Brandon Sanderson","Fantasy","2008","4.46","143622","143622"
"611","Girl, Interrupted","Susanna Kaysen","Fiction","1993","3.9","145161","145161"
"612","Are You There, Vodka? It's Me, Chelsea","Chelsea Handler","Fiction","2007","3.85","127096","127096"
"613","Jonathan Livingston Seagull","Richard Bach","Fiction","1970","3.8","133728","133728"
"614","City of Heavenly Fire (The Mortal Instruments, #6)","Cassandra Clare","Fiction","2014","4.48","177796","177796"
"615","Love You Forever","Robert Munsch","Romance","1986","4.34","159703","159703"
"616","Cell","Stephen King","Fiction","2006","3.64","144591","144591"
"617","The Boys in the Boat: Nine Americans and Their Epic Quest for Gold at the 1936 Berlin Olympics","Daniel James Brown","Fiction","2013","4.32","113565","113565"
"618","The Silmarillion (Middle-Earth Universe)","J.R.R. Tolkien","Fantasy","1977","3.87","134106","134106"
"619","The Drawing of the Three (The Dark Tower, #2)","Stephen King","Fiction","1987","4.23","139052","139052"
"620","The Forgotten Garden","Kate Morton","Fiction","2008","4.12","138377","138377"
"621","The Trial","Franz Kafka","Fiction","1925","3.98","131856","131856"
"622","This Lullaby","Sarah Dessen","Fiction","2002","4.03","151829","151829"
"623","Plain Truth","Jodi Picoult","Fiction","2000","3.97","128406","128406"
"624","Orange Is the New Black","Piper Kerman","Fiction","2010","3.7","127186","127186"
"625","The Hound of the Baskervilles","Arthur Conan Doyle","Fiction","1902","4.09","154517","154517"
"626","Thinking, Fast and Slow","Daniel Kahneman","Self Help","2011","4.08","136950","136950"
"627","The Mists of Avalon (Avalon, #1)","Marion Zimmer Bradley","Fiction","1982","4.12","157736","157736"
"628","Are You There God? It's Me, Margaret","Judy Blume","Fiction","1970","3.89","151789","151789"
"629","Nights in Rodanthe","Nicholas Sparks","Romance","2002","3.82","129807","129807"
"630","Mr. Mercedes (Bill Hodges Trilogy, #1)","Stephen King","Fiction","2014","3.92","125847","125847"
"631","All Together Dead (Sookie Stackhouse, #7)","Charlaine Harris","Fiction","2007","4.05","162689","162689"
"632","Midwives","Chris Bohjalian","Fiction","1997","3.97","133155","133155"
"633","The Polar Express","Chris Van Allsburg","Fiction","1985","4.29","168001","168001"
"634","The True Story of the 3 Little Pigs","Jon Scieszka","Fiction","1989","4.29","141945","141945"
"635","Patriot Games (Jack Ryan Universe, #2)","Tom Clancy","Fiction","1987","4.11","141674","141674"
"636","Veronika Decides to Die","Paulo Coelho","Fiction","1998","3.69","111856","111856"
"637","Lean In: Women, Work, and the Will to Lead","Sheryl Sandberg","Self Help","2013","3.94","135635","135635"
"638","Dead as a Doornail (Sookie Stackhouse, #5)","Charlaine Harris","Fiction","2005","4.01","169560","169560"
"639","Shatter Me (Shatter Me, #1)","Tahereh Mafi","Fiction","2011","4.01","176433","176433"
"640","Starship Troopers","Robert A. Heinlein","Fiction","1959","3.99","136886","136886"
"641","I've Got Your Number","Sophie Kinsella","Fiction","2011","3.93","144533","144533"
"642","Sophie's World","Jostein Gaarder","History","1991","3.88","109692","109692"
"643","The Twilight Saga Breaking Dawn Part 1: The Official Illustrated Movie Companion (The Twilight Saga: The Official Illustrated Movie Companion, #4)","Mark Cotta Vaz","Fiction","2011","4.3","188136","188136"
"644","The Martian Chronicles","Ray Bradbury","Science Fiction","1950","4.12","143236","143236"
"645","A Visit from the Goon Squad","Jennifer Egan","Fiction","2010","3.64","120126","120126"
"646","Heidi","Johanna Spyri","Fiction","1880","3.97","144497","144497"
"647","Prey","Michael Crichton","Fiction","2002","3.72","131352","131352"
"648","The Last Battle (Chronicles of Narnia, #7)","C.S. Lewis","Fiction","1956","4.02","158701","158701"
"649","World Without End (The Kingsbridge Series, #2)","Ken Follett","History","2007","4.23","128715","128715"
"650","Chosen (House of Night, #3)","P.C. Cast","Fiction","2008","3.9","180961","180961"
"651","Slammed (Slammed, #1)","Colleen Hoover","Fiction","2012","4.29","153882","153882"
"652","Beastly (Beastly, #1; Kendra Chronicles, #1)","Alex Flinn","Fiction","2007","3.84","150003","150003"
"653","The Canterbury Tales","Geoffrey Chaucer","Fiction","1390","3.48","148480","148480"
"654","Baby Proof","Emily Giffin","Fiction","2006","3.71","124371","124371"
"655","Inheritance (The Inheritance Cycle, #4)","Christopher Paolini","Fiction","2011","4.08","146905","146905"
"656","1Q84","Haruki Murakami","Fiction","2009","3.89","125195","125195"
"657","Uncle Tom's Cabin","Harriet Beecher Stowe","Fiction","1852","3.83","137858","137858"
"658","The Phantom of the Opera","Gaston Leroux","Fiction","1909","3.97","141110","141110"
"659","Definitely Dead (Sookie Stackhouse, #6)","Charlaine Harris","Fiction","2006","4.02","163054","163054"
"660","Blindness","Jos? Saramago","Fiction","1995","4.08","98738","98738"
"661","Freedom","Jonathan Franzen","Fiction","2010","3.73","119213","119213"
"662","Crossed (Matched, #2)","Ally Condie","Fiction","2011","3.52","100886","100886"
"663","I'd Tell You I Love You, But Then I'd Have to Kill You (Gallagher Girls, #1)","Ally Carter","Romance","2006","3.82","150222","150222"
"664","The White Tiger","Aravind Adiga","Fiction","2008","3.71","114531","114531"
"665","The Corrections","Jonathan Franzen","Fiction","2001","3.78","117657","117657"
"666","Dreams from My Father: A Story of Race and Inheritance","Barack Obama","Fiction","1995","3.81","128961","128961"
"667","Congo","Michael Crichton","Fiction","1980","3.55","129811","129811"
"668","Alexander and the Terrible, Horrible, No Good, Very Bad Day","Judith Viorst","Fiction","1972","4.22","146073","146073"
"669","Interpreter of Maladies","Jhumpa Lahiri","Fiction","1999","4.12","110651","110651"
"670","A People's History of the United States","Howard Zinn","History","1980","4.07","137372","137372"
"671","Breakfast at Tiffany's","Truman Capote","Fiction","1958","3.89","129778","129778"
"672","The Passage (The Passage, #1)","Justin Cronin","Fiction","2010","4.04","126993","126993"
"673","Anansi Boys","Neil Gaiman","Fiction","2005","4","137639","137639"
"674","Along for the Ride","Sarah Dessen","Fiction","2009","4.08","151721","151721"
"675","Everything I Never Told You","Celeste Ng","Fiction","2014","3.78","108703","108703"
"676","The House of the Spirits","Isabel Allende","Fiction","1982","4.2","119930","119930"
"677","The Dead Zone","Stephen King","Fiction","1979","3.9","132723","132723"
"678","The Mysterious Affair at Styles (Hercule Poirot, #1)","Agatha Christie","Fiction","1920","3.98","135514","135514"
"679","Murder on the Orient Express (Hercule Poirot, #10)","Agatha Christie","Thriller","1934","4.16","138444","138444"
"680","Americanah","Chimamanda Ngozi Adichie","Fiction","2013","4.26","113252","113252"
"681","Suzanne's Diary for Nicholas","James Patterson","Biography","2001","4.16","121398","121398"
"682","Firestarter","Stephen King","Fiction","1980","3.85","142213","142213"
"683","Entwined with You (Crossfire, #3)","Sylvia Day","Fiction","2013","4.19","141641","141641"
"684","Born to Run: A Hidden Tribe, Superathletes, and the Greatest Race the World Has Never Seen","Christopher McDougall","History","2009","4.27","109642","109642"
"685","The Storied Life of A.J. Fikry","Gabrielle Zevin","Fiction","2014","3.98","115393","115393"
"686","Madeline","Ludwig Bemelmans","Fiction","1939","4.22","156726","156726"
"687","Think and Grow Rich: The Landmark Bestseller - Now Revised and Updated for the 21st Century","Napoleon Hill","Fiction","1937","4.17","87445","87445"
"688","Little House in the Big Woods (Little House, #1)","Laura Ingalls Wilder","Fiction","1932","4.16","165127","165127"
"689","Jonathan Strange & Mr Norrell","Susanna Clarke","Fiction","2004","3.8","133683","133683"
"690","A Bend in the Road","Nicholas Sparks","Romance","2001","4.02","116800","116800"
"691","The House of Hades (The Heroes of Olympus, #4)","Rick Riordan","Fiction","2013","4.54","159774","159774"
"692","Gone (Gone, #1)","Michael  Grant","Fiction","2008","3.85","144606","144606"
"693","The Wedding (The Notebook, #2)","Nicholas Sparks","Romance","2003","3.98","118045","118045"
"694","1776","David McCullough","Fiction","2005","4.06","130293","130293"
"695","Under the Banner of Heaven: A Story of Violent Faith","Jon Krakauer","Fiction","2003","3.98","112167","112167"
"696","Beautiful Ruins","Jess Walter","Fiction","2012","3.67","116053","116053"
"697","The Audacity of Hope: Thoughts on Reclaiming the American Dream","Barack Obama","Fiction","2006","3.69","110873","110873"
"698","On Writing: A Memoir of the Craft","Stephen King","Biography","1999","4.31","131481","131481"
"699","Firefly Lane (Firefly Lane, #1)","Kristin Hannah","Fiction","2008","4.04","121966","121966"
"700","Sphere","Michael Crichton","Fiction","1987","3.77","128244","128244"
"701","Love the One You're With","Emily Giffin","Romance","2008","3.7","124812","124812"
"702","The Silkworm (Cormoran Strike, #2)","Robert Galbraith","Fiction","2014","4.03","120008","120008"
"703","The Vampire Lestat (The Vampire Chronicles, #2)","Anne Rice","Fiction","1985","4.05","141299","141299"
"704","State of Wonder","Ann Patchett","Fiction","2011","3.85","124837","124837"
"705","The Silver Linings Playbook","Matthew Quick","Fiction","2008","4","110939","110939"
"706","Twenty Thousand Leagues Under the Sea","Jules Verne","Fiction","1869","3.86","121112","121112"
"707","The Constant Princess (The Plantagenet and Tudor Novels, #6)","Philippa Gregory","Fiction","2005","3.88","124786","124786"
"708","Mrs. Dalloway","Virginia Woolf","Fiction","1925","3.78","136327","136327"
"709","The Hundred-Year-Old Man Who Climbed Out of the Window and Disappeared","Jonas Jonasson","Fantasy","2009","3.81","92275","92275"
"710","Bag of Bones","Stephen King","Fiction","1998","3.87","131004","131004"
"711","The Cider House Rules","John Irving","Fiction","1985","4.1","124876","124876"
"712","Thinner","Richard Bachman","Fiction","1984","3.66","130219","130219"
"713","Around the World in Eighty Days","Jules Verne","History","1872","3.9","117108","117108"
"714","Walk Two Moons","Sharon Creech","Fiction","1994","3.95","129350","129350"
"715","Eleven Minutes","Paulo Coelho","Fiction","2003","3.69","102206","102206"
"716","Nine Stories","J.D. Salinger","Fiction","1953","4.19","105138","105138"
"717","Julie and Julia: 365 Days, 524 Recipes, 1 Tiny Apartment Kitchen: How One Girl Risked Her Marriage, Her Job, and Her Sanity to Master the Art of Living","Julie Powell","Fiction","2005","3.67","121373","121373"
"718","Unwind (Unwind, #1)","Neal Shusterman","Fantasy","2007","4.18","143892","143892"
"719","Drums of Autumn (Outlander, #4)","Diana Gabaldon","Fiction","1996","4.34","123736","123736"
"720","Prodigy (Legend, #2)","Marie Lu","Fiction","2013","4.29","149702","149702"
"721","King Lear","William Shakespeare","Fiction","1603","3.89","135448","135448"
"722","Death of a Salesman","Arthur Miller","Fiction","1949","3.49","132061","132061"
"723","The Choice","Nicholas Sparks","Romance","2007","3.99","93479","93479"
"724","The Hunger Games: Official Illustrated Movie Companion","Kate Egan","Science Fiction","2012","4.51","119915","119915"
"725","The Sound and the Fury","William Faulkner","Fiction","1929","3.86","124665","124665"
"726","A New Earth: Awakening to Your Life's Purpose","Eckhart Tolle","Fiction","2005","4.02","106211","106211"
"727","Bleach, Volume 01","Tite Kubo","Fiction","2002","4.21","120004","120004"
"728","Hyperbole and a Half: Unfortunate Situations, Flawed Coping Mechanisms, Mayhem, and Other Things That Happened","Allie Brosh","Fiction","2013","4.17","118910","118910"
"729","The Shadow Rising (Wheel of Time, #4)","Robert Jordan","Fiction","1992","4.21","122524","122524"
"730","Shantaram","Gregory David Roberts","Fiction","2003","4.26","95213","95213"
"731","From Dead to Worse (Sookie Stackhouse, #8)","Charlaine Harris","Fiction","2008","4.01","151095","151095"
"732","The Waste Lands (The Dark Tower, #3)","Stephen King","Fiction","1991","4.24","117483","117483"
"733","The Bone Collector (Lincoln Rhyme, #1)","Jeffery Deaver","Fiction","1997","4.18","120541","120541"
"734","The Reader","Bernhard Schlink","Fiction","1995","3.73","119911","119911"
"735","Brown Bear, Brown Bear, What Do You See?","Bill Martin Jr.","Fantasy","1967","4.19","125668","125668"
"736","Hyperion (Hyperion Cantos, #1)","Dan Simmons","Fiction","1989","4.21","122225","122225"
"737","The Pearl","John Steinbeck","Fiction","1947","3.41","133264","133264"
"738","The Exorcist","William Peter Blatty","Fiction","1971","4.14","124467","124467"
"739","The Short Second Life of Bree Tanner: An Eclipse Novella (Twilight, #3.5)","Stephenie Meyer","Fiction","2009","3.51","145874","145874"
"740","Snow Falling on Cedars","David Guterson","Fiction","1994","3.8","131945","131945"
"741","Roots: The Saga of an American Family","Alex Haley","Fiction","1976","4.42","118951","118951"
"742","Batman: The Killing Joke","Alan Moore","Fiction","1988","4.36","113855","113855"
"743","Invisible Man","Ralph Ellison","Fiction","1952","3.84","123073","123073"
"744","A Long Way Gone: Memoirs of a Boy Soldier","Ishmael Beah","Biography","2007","4.14","116260","116260"
"745","Mrs. Frisby and the Rats of NIMH (Rats of NIMH, #1)","Robert C. O'Brien","Fiction","1971","4.13","135978","135978"
"746","Different Seasons","Stephen King","Fiction","1982","4.34","105961","105961"
"747","The Little House Collection (Little House, #1-9)","Laura Ingalls Wilder","Fiction","1953","4.33","124320","124320"
"748","The Girls' Guide to Hunting and Fishing","Melissa Bank","Fiction","1998","3.29","113977","113977"
"749","Wool Omnibus (Silo, #1)","Hugh Howey","Fiction","2012","4.24","81982","81982"
"750","Lamb: The Gospel According to Biff, Christ's Childhood Pal","Christopher Moore","Fiction","2002","4.26","118576","118576"
"751","The Power of Now: A Guide to Spiritual Enlightenment","Eckhart Tolle","Fiction","1997","4.1","104549","104549"
"752","Let's Pretend This Never Happened: A Mostly True Memoir","Jenny  Lawson","Biography","2012","3.9","118475","118475"
"753","The Lies of Locke Lamora (Gentleman Bastard, #1)","Scott Lynch","Fiction","2006","4.3","118751","118751"
"754","Sabriel (Abhorsen,  #1)","Garth Nix","Fiction","1995","4.17","137047","137047"
"755","Dead and Gone (Sookie Stackhouse, #9)","Charlaine Harris","Fiction","2009","4.01","145157","145157"
"756","The Storyteller","Jodi Picoult","Fiction","2013","4.26","109313","109313"
"757","Obsidian (Lux, #1)","Jennifer L. Armentrout","Fiction","2011","4.23","164832","164832"
"758","Life, the Universe and Everything (Hitchhiker's Guide, #3)","Douglas Adams","Fiction","1982","4.19","131562","131562"
"759","Crown of Midnight (Throne of Glass, #2)","Sarah J. Maas","Fantasy","2013","4.49","160485","160485"
"760","Scott Pilgrim, Volume 1: Scott Pilgrim's Precious Little Life","Bryan Lee O'Malley","Fiction","2004","4.18","126864","126864"
"761","Half Broke Horses","Jeannette Walls","Fiction","2008","4.05","110597","110597"
"762","Mort (Death, #1; Discworld, #4)","Terry Pratchett","History","1987","4.22","128450","128450"
"763","The Iron King (The Iron Fey, #1)","Julie Kagawa","Fiction","2010","3.92","158063","158063"
"764","Lonesome Dove","Larry McMurtry","Fiction","1985","4.47","111498","111498"
"765","Stiff: The Curious Lives of Human Cadavers","Mary Roach","Fiction","2003","4.05","122502","122502"
"766","Bloodlines (Bloodlines, #1)","Richelle Mead","Fiction","2011","4.22","140599","140599"
"767","Ender's Shadow (Ender's Shadow, #1)","Orson Scott Card","Science Fiction","1998","4.3","115521","115521"
"768","Twenties Girl","Sophie Kinsella","Fiction","2009","3.82","119105","119105"
"769","Schindler's List","Thomas Keneally","Fiction","1982","4.34","108338","108338"
"770","The Bluest Eye","Toni Morrison","Fiction","1970","3.99","109944","109944"
"771","The White Queen (The Plantagenet and Tudor Novels, #2)","Philippa Gregory","Fiction","2009","3.9","119739","119739"
"772","The Autobiography of Malcolm X","Malcolm X","Biography","1965","4.29","124805","124805"
"773","Preludes & Nocturnes (The Sandman #1)","Neil Gaiman","Fiction","1989","4.3","122540","122540"
"774","Seabiscuit: An American Legend","Laura Hillenbrand","Fiction","1999","4.2","111497","111497"
"775","Shutter Island","Dennis Lehane","Fiction","2003","4.07","113718","113718"
"776","The Complete Sherlock Holmes","Arthur Conan Doyle","Fiction","1894","4.5","109754","109754"
"777","Julius Caesar","William Shakespeare","Fiction","1599","3.65","119933","119933"
"778","In the Garden of Beasts: Love, Terror, and an American Family in Hitler's Berlin","Erik Larson","Romance","2011","3.81","110481","110481"
"779","The Republic","Plato","Fiction","2000","3.9","110274","110274"
"780","The Taming of the Shrew","William Shakespeare","Fiction","1593","3.81","126318","126318"
"781","Cress (The Lunar Chronicles, #3)","Marissa Meyer","Fiction","2014","4.46","162069","162069"
"782","Just Kids","Patti Smith","Fiction","2010","4.14","106542","106542"
"783","The Art Book","Phaidon Press","Fiction","1997","3.79","102746","102746"
"784","Jemima J","Jane Green","Fiction","2001","3.62","101436","101436"
"785","The Hunchback of Notre-Dame","Victor Hugo","Fiction","1831","3.97","119851","119851"
"786","A Fine Balance","Rohinton Mistry","Fiction","1996","4.34","99252","99252"
"787","Calvin and Hobbes","Bill Watterson","Fiction","1987","4.61","117788","117788"
"788","Specials (Uglies, #3)","Scott Westerfeld","Fiction","2006","3.77","139168","139168"
"789","The Awakening","Kate Chopin","Fiction","1899","3.63","125474","125474"
"790","Hunted (House of Night, #5)","P.C. Cast","Fiction","2009","3.93","138103","138103"
"791","For One More Day","Mitch Albom","Fiction","2006","4.09","102193","102193"
"792","Clear and Present Danger (Jack Ryan Universe, #6)","Tom Clancy","Fiction","1989","4.08","105317","105317"
"793","Falling Up","Shel Silverstein","Fiction","1996","4.33","111779","111779"
"794","Sh*t My Dad Says","Justin Halpern","Fiction","2010","3.98","102560","102560"
"795","Trainspotting","Irvine Welsh","Fiction","1993","4.07","59453","59453"
"796","Foundation and Empire (Foundation #2)","Isaac Asimov","Science Fiction","1952","4.2","105595","105595"
"797","The Four Agreements: A Practical Guide to Personal Freedom","Miguel Ruiz","Fiction","1997","4.12","97016","97016"
"798","House Rules","Jodi Picoult","Fiction","2010","4.01","111239","111239"
"799","The Complete Grimm's Fairy Tales","Jacob Grimm","Fiction","1812","4.31","116324","116324"
"800","From the Mixed-Up Files of Mrs. Basil E. Frankweiler","E.L. Konigsburg","Fiction","1967","4.15","134537","134537"
"801","Doctor Sleep (The Shining, #2)","Stephen King","Fiction","2013","4.1","95276","95276"
"802","About a Boy","Nick Hornby","Fiction","1998","3.79","101999","101999"
"803","On Dublin Street (On Dublin Street, #1)","Samantha Young","Fiction","2012","4.24","136761","136761"
"804","Crazy Love: Overwhelmed by a Relentless God","Francis Chan","Romance","2008","4.15","106351","106351"
"805","One Fish, Two Fish, Red Fish, Blue Fish","Dr. Seuss","Fiction","1960","4.12","117582","117582"
"806","Watchers","Dean Koontz","Fiction","1987","4.16","109595","109595"
"807","The Story of My Life","Helen Keller","Fiction","1902","4.07","107313","107313"
"808","This is Where I Leave You","Jonathan Tropper","Fiction","2009","3.88","98645","98645"
"809","Abraham Lincoln: Vampire Hunter","Seth Grahame-Smith","Fiction","2010","3.7","106336","106336"
"810","Fruits Basket, Vol. 1","Natsuki Takaya","Fiction","1999","4.23","118467","118467"
"811","The Tempest","William Shakespeare","Fiction","1623","3.8","125178","125178"
"812","Burned (House of Night, #7)","P.C. Cast","Fiction","2010","3.98","120763","120763"
"813","Wizard and Glass (The Dark Tower, #4)","Stephen King","Fantasy","1997","4.24","105026","105026"
"814","The Circle","Dave Eggers","Fiction","2013","3.46","109412","109412"
"815","The Invention of Hugo Cabret","Brian Selznick","Fiction","2007","4.23","132159","132159"
"816","Brave New World / Brave New World Revisited","Aldous Huxley","History","1932","4.16","108124","108124"
"817","Ouran High School Host Club, Vol. 1 (Ouran High School Host Club, #1)","Bisco Hatori","Fiction","2003","4.36","113881","113881"
"818","The Good Girl","Mary Kubica","Fiction","2014","3.81","100936","100936"
"819","Fallen Too Far (Rosemary Beach, #1; Too Far, #1)","Abbi Glines","Fiction","2012","4.21","138871","138871"
"820","Landline","Rainbow Rowell","Fiction","2014","3.55","113805","113805"
"821","Tempted (House of Night, #6)","P.C. Cast","Fiction","2008","3.96","127387","127387"
"822","No Country for Old Men","Cormac McCarthy","Fiction","2005","4.12","100513","100513"
"823","Wolf Hall (Thomas Cromwell, #1)","Hilary Mantel","Fiction","2009","3.85","102936","102936"
"824","Howl's Moving Castle (Howl's Moving Castle, #1)","Diana Wynne Jones","Fiction","1986","4.3","123945","123945"
"825","Dreamcatcher","Stephen King","Fiction","2001","3.59","115855","115855"
"826","Walden","Henry David Thoreau","Fiction","1854","3.79","108062","108062"
"827","The Remains of the Day","Kazuo Ishiguro","Fiction","1989","4.1","105892","105892"
"828","The Best of Me","Nicholas Sparks","Romance","2010","3.91","103915","103915"
"829","The Sense of an Ending","Julian Barnes","Fiction","2011","3.7","94968","94968"
"830","A is for Alibi (Kinsey Millhone, #1)","Sue Grafton","Fiction","1982","3.82","116026","116026"
"831","Oedipus Rex  (The Theban Plays, #1)","Sophocles","Fiction","2000","3.67","119496","119496"
"832","Shanghai Girls (Shanghai Girls #1)","Lisa See","Fiction","2009","3.87","106729","106729"
"833","The Wind in the Willows","Kenneth Grahame","Fantasy","1908","3.98","124612","124612"
"834","To All the Boys I've Loved Before (To All the Boys I've Loved Before, #1)","Jenny Han","Romance","2014","4.11","136938","136938"
"835","Persepolis: The Story of a Childhood (Persepolis, #1)","Marjane Satrapi","Fiction","2000","4.23","117103","117103"
"836","A Room with a View","E.M. Forster","Fiction","1908","3.91","109994","109994"
"837","The DUFF: Designated Ugly Fat Friend","Kody Keplinger","Fiction","2010","3.86","136736","136736"
"838","Lock and Key","Sarah Dessen","Fiction","2008","4.01","120475","120475"
"839","Naked in Death (In Death, #1)","J.D. Robb","Fiction","1995","4.13","78028","78028"
"840","The Chamber","John Grisham","Fiction","1994","3.76","102715","102715"
"841","Midnight Sun (Twilight, #1.5)","Stephenie Meyer","Fiction","2008","4.03","138118","138118"
"842","Naruto, Vol. 01: The Tests of the Ninja (Naruto, #1)","Masashi Kishimoto","Fiction","1999","4.35","104633","104633"
"843","The Unlikely Pilgrimage of Harold Fry (Harold Fry, #1)","Rachel Joyce","Fiction","2012","3.89","94012","94012"
"844","Every Day (Every Day, #1)","David Levithan","Fiction","2012","3.99","121863","121863"
"845","Xenocide (Ender's Saga, #3)","Orson Scott Card","Science Fiction","1991","3.77","104467","104467"
"846","The Merchant of Venice","William Shakespeare","Fiction","1596","3.78","115621","115621"
"847","Sh?gun (Asian Saga, #1)","James Clavell","Fiction","1975","4.37","104339","104339"
"848","Lover Awakened (Black Dagger Brotherhood, #3)","J.R. Ward","Romance","2006","4.45","134249","134249"
"849","A Court of Thorns and Roses (A Court of Thorns and Roses, #1)","Sarah J. Maas","Fiction","2015","4.29","167848","167848"
"850","Fifty Shades Trilogy (Fifty Shades, #1-3)","E.L. James","Fiction","2012","4.13","76876","76876"
"851","Chicka Chicka Boom Boom","Bill Martin Jr.","Fantasy","1989","4.21","105192","105192"
"852","Smile","Raina Telgemeier","Fiction","2009","4.19","98628","98628"
"853","Animal Farm / 1984","George Orwell","Fiction","1950","4.26","116197","116197"
"854","The Deep End of the Ocean (Cappadora Family, #1)","Jacquelyn Mitchard","Fiction","1996","3.84","102733","102733"
"855","The Bonesetter's Daughter","Amy Tan","Fiction","2001","3.98","99926","99926"
"856","Angus, Thongs and Full-Frontal Snogging (Confessions of Georgia Nicolson, #1)","Louise Rennison","Fiction","1999","3.74","112733","112733"
"857","Mr. Penumbra's 24-Hour Bookstore (Mr. Penumbra's 24-Hour Bookstore, #1)","Robin Sloan","Fiction","2012","3.75","110552","110552"
"858","Flowers in the Attic (Dollanganger, #1)","V.C. Andrews","Fiction","1979","3.79","109063","109063"
"859","When Breath Becomes Air","Paul Kalanithi","Fiction","2016","4.32","116771","116771"
"860","Maniac Magee","Jerry Spinelli","Fiction","1990","3.86","99831","99831"
"861","Invisible Monsters","Chuck Palahniuk","Fiction","1999","4","54937","54937"
"862","Twelfth Night","William Shakespeare","Fiction","1601","3.97","119607","119607"
"863","Gathering Blue (The Giver, #2)","Lois Lowry","Fantasy","2000","3.8","114917","114917"
"864","The Westing Game","Ellen Raskin","Fiction","1978","4.03","117108","117108"
"865","Red Rising (Red Rising, #1)","Pierce Brown","Fiction","2014","4.26","104939","104939"
"866","The Way of Shadows (Night Angel, #1)","Brent Weeks","Fiction","2008","4.15","109236","109236"
"867","The Bean Trees (Greer Family, #1)","Barbara Kingsolver","Fiction","1988","3.94","105032","105032"
"868","Walking Disaster (Beautiful, #2)","Jamie McGuire","Fiction","2013","4.23","134022","134022"
"869","Words of Radiance (The Stormlight Archive, #2)","Brandon Sanderson","Fantasy","2014","4.77","73572","73572"
"870","Guess How Much I Love You","Sam McBratney","Romance","1988","4.36","104690","104690"
"871","The Fiery Cross (Outlander, #5)","Diana Gabaldon","Fiction","2001","4.26","103552","103552"
"872","Night Shift","Stephen King","Fiction","1978","3.96","104248","104248"
"873","Jaws","Peter Benchley","Fiction","1974","3.96","102574","102574"
"874","The History of Love","Nicole Krauss","Romance","2005","3.91","98379","98379"
"875","Pippi Longstocking","Astrid Lindgren","Fiction","1945","4.11","123065","123065"
"876","The Elegance of the Hedgehog","Muriel Barbery","Fiction","2006","3.73","101669","101669"
"877","Team of Rivals: The Political Genius of Abraham Lincoln","Doris Kearns Goodwin","Fiction","2005","4.3","102923","102923"
"878","Dead in the Family (Sookie Stackhouse, #10)","Charlaine Harris","Fiction","2010","3.88","127379","127379"
"879","The Plague","Albert Camus","Fiction","1947","3.97","95803","95803"
"880","The Reptile Room (A Series of Unfortunate Events, #2)","Lemony Snicket","Fiction","1999","3.95","130213","130213"
"881","Brain on Fire: My Month of Madness","Susannah Cahalan","Fiction","2012","4","92849","92849"
"882","Wicked Lovely (Wicked Lovely, #1)","Melissa Marr","Romance","2007","3.69","131034","131034"
"883","Curious George","H.A. Rey","Fiction","1941","4.13","105473","105473"
"884","The Neverending Story","Michael Ende","Fiction","1979","4.17","109110","109110"
"885","A Beautiful Mind","Sylvia Nasar","Fiction","1998","4.12","98276","98276"
"886","The Jungle","Upton Sinclair","Fiction","1906","3.72","97468","97468"
"887","The Summoning (Darkest Powers, #1)","Kelley Armstrong","Fiction","2008","4.03","132285","132285"
"888","The Man Who Mistook His Wife for a Hat and Other Clinical Tales","Oliver Sacks","Fiction","1985","4.04","102419","102419"
"889","Eye of the Needle","Ken Follett","Fiction","1978","4.16","93475","93475"
"890","The Blind Assassin","Margaret Atwood","Fiction","2000","3.95","98464","98464"
"891","Hollow City (Miss Peregrine?s Peculiar Children, #2)","Ransom Riggs","Fiction","2014","4.07","73149","73149"
"892","House of Sand and Fog","Andre Dubus III","Fiction","1999","3.83","55381","55381"
"893","The Girl with All the Gifts","M.R. Carey","Fiction","2014","3.93","99729","99729"
"894","As I Lay Dying","William Faulkner","Fiction","1930","3.72","103547","103547"
"895","Harold and the Purple Crayon","Crockett Johnson","Fiction","1955","4.24","107221","107221"
"896","Lover Eternal (Black Dagger Brotherhood, #2)","J.R. Ward","Romance","2006","4.35","137558","137558"
"897","Second Foundation (Foundation #3)","Isaac Asimov","Science Fiction","1953","4.23","96865","96865"
"898","Fool Moon (The Dresden Files, #2)","Jim Butcher","Fiction","2001","4.04","111371","111371"
"899","David and Goliath: Underdogs, Misfits, and the Art of Battling Giants","Malcolm Gladwell","Fiction","2011","3.9","90083","90083"
"900","Fullmetal Alchemist, Vol. 1 (Fullmetal Alchemist, #1)","Hiromu Arakawa","Fiction","2002","4.49","93990","93990"
"901","Guards! Guards! (Discworld, #8)","Terry Pratchett","History","1989","4.32","108652","108652"
"902","The Year of Magical Thinking","Joan Didion","Self Help","2005","3.86","94590","94590"
"903","We Need to Talk About Kevin","Lionel Shriver","Fiction","2003","4.07","101343","101343"
"904","Rendezvous with Rama (Rama, #1)","Arthur C. Clarke","Fiction","1973","4.06","93151","93151"
"905","The Queen of the Damned (The Vampire Chronicles, #3)","Anne Rice","Fiction","1988","3.86","110693","110693"
"906","The Age of Innocence","Edith Wharton","Fiction","1920","3.93","102646","102646"
"907","The Selfish Gene","Richard Dawkins","Self Help","1976","4.11","96564","96564"
"908","Year of Wonders","Geraldine Brooks","Fiction","2001","4","104283","104283"
"909","The Black Echo (Harry Bosch, #1; Harry Bosch Universe, #1)","Michael Connelly","Fiction","1992","4.08","98591","98591"
"910","Anthem","Ayn Rand","Fiction","1938","3.62","95620","95620"
"911","Gabriel's Inferno (Gabriel's Inferno, #1)","Sylvain Reynard","Fiction","2011","4.02","119633","119633"
"912","Cloudy With a Chance of Meatballs","Judi Barrett","Fiction","1978","4.15","104677","104677"
"913","Major Pettigrew's Last Stand","Helen Simonson","Fiction","2010","3.87","97745","97745"
"914","Vision in White (Bride Quartet, #1)","Nora Roberts","Fiction","2009","4.1","103933","103933"
"915","The Tenth Circle","Jodi Picoult","Fiction","2006","3.48","99170","99170"
"916","The Throne of Fire (Kane Chronicles, #2)","Rick Riordan","Fantasy","2011","4.2","116360","116360"
"917","Old Man's War (Old Man's War, #1)","John Scalzi","History","2005","4.23","97653","97653"
"918","Gerald's Game","Stephen King","Fiction","1992","3.47","100158","100158"
"919","Two for the Dough (Stephanie Plum, #2)","Janet Evanovich","Fiction","1996","4.11","116171","116171"
"920","The Joy of Cooking","Irma S. Rombauer","Fiction","1931","4.14","102348","102348"
"921","The Forever War (The Forever War, #1)","Joe Haldeman","History","1974","4.15","87636","87636"
"922","Insomnia","Stephen King","Fiction","1994","3.79","100972","100972"
"923","Reading Lolita in Tehran","Azar Nafisi","Fiction","2003","3.57","94696","94696"
"924","The Blade Itself (The First Law, #1)","Joe Abercrombie","Self Help","2006","4.14","97501","97501"
"925","The Arctic Incident (Artemis Fowl, #2)","Eoin Colfer","Fiction","2002","3.94","108031","108031"
"926","The Shipping News","Annie Proulx","Fiction","1993","3.83","103151","103151"
"927","The Life-Changing Magic of Tidying Up: The Japanese Art of Decluttering and Organizing","Marie Kond?","Fantasy","2011","3.77","105063","105063"
"928","All the Bright Places","Jennifer Niven","Fiction","2015","4.19","132087","132087"
"929","D?j? Dead (Temperance Brennan, #1)","Kathy Reichs","Fiction","1997","3.86","100369","100369"
"930","The Alchemyst (The Secrets of the Immortal Nicholas Flamel, #1)","Michael Scott","Fiction","2007","3.84","58396","58396"
"931","The Marriage Plot","Jeffrey Eugenides","Fiction","2011","3.42","90551","90551"
"932","Daughter of Fortune","Isabel Allende","Fiction","1998","3.89","89770","89770"
"933","Luckiest Girl Alive","Jessica Knoll","Fiction","2015","3.48","82504","82504"
"934","Crank (Crank, #1)","Ellen Hopkins","Fiction","2004","4.16","104168","104168"
"935","The Raven Boys (The Raven Cycle, #1)","Maggie Stiefvater","Fiction","2012","4.05","121727","121727"
"936","I Am Legend and Other Stories","Richard Matheson","Fiction","1954","3.99","98795","98795"
"937","Olive Kitteridge","Elizabeth Strout","Fiction","2008","3.78","85019","85019"
"938","Not That Kind of Girl: A Young Woman Tells You What She's ""Learned""","Lena Dunham","Fiction","2014","3.33","88251","88251"
"939","Good to Great: Why Some Companies Make the Leap... and Others Don't","James C. Collins","Fiction","2001","4.04","85277","85277"
"940","Fire (Graceling Realm, #2)","Kristin Cashore","Fiction","2009","4.12","98180","98180"
"941","Waiting for Godot","Samuel Beckett","Fiction","1952","3.81","98950","98950"
"942","White Fang","Jack London","Fiction","1906","3.94","100223","100223"
"943","Wolves of the Calla (The Dark Tower, #5)","Stephen King","Fiction","2003","4.17","98182","98182"
"944","His Dark Materials (His Dark Materials #1-3)","Philip Pullman","Fiction","2000","4.25","88227","88227"
"945","The Edge of Never (The Edge of Never, #1)","J.A. Redmerski","Fiction","2012","4.26","117508","117508"
"946","Reconstructing Amelia","Kimberly McCreight","Fiction","2013","3.82","86965","86965"
"947","One Plus One","Jojo Moyes","Fiction","2014","3.94","87412","87412"
"948","The Hours","Michael Cunningham","Fiction","1998","3.91","97462","97462"
"949","Wallbanger (Cocktail, #1)","Alice Clayton","Fiction","2012","4.1","134805","134805"
"950","Holidays on Ice","David Sedaris","Fiction","1997","3.95","82591","82591"
"951","Desperation","Stephen King","Fiction","1996","3.8","94821","94821"
"952","Passion (Fallen, #3)","Lauren Kate","Fiction","2011","3.89","119735","119735"
"953","The Kill Order (Maze Runner, #0.5)","James Dashner","Fiction","2012","3.69","96568","96568"
"954","Angelfall (Penryn & the End of Days, #1)","Susan Ee","Fiction","2011","4.19","73886","73886"
"955","Empire Falls","Richard Russo","History","2001","3.91","90811","90811"
"956","The Fires of Heaven (Wheel of Time, #5)","Robert Jordan","Fiction","1993","4.13","93227","93227"
"957","I'll Give You the Sun","Jandy Nelson","Fiction","2014","4.14","140937","140937"
"958","Survivor","Chuck Palahniuk","Fiction","1999","3.93","49551","49551"
"959","Shopaholic & Baby (Shopaholic, #5)","Sophie Kinsella","Fiction","2007","3.77","98130","98130"
"960","The Dark Tower (The Dark Tower, #7)","Stephen King","Fiction","2004","4.27","93296","93296"
"961","Twilight Director's Notebook : The Story of How We Made the Movie Based on the Novel by Stephenie Meyer","Catherine Hardwicke","Fiction","2009","4.2","88847","88847"
"962","Shopaholic Takes Manhattan (Shopaholic, #2)","Sophie Kinsella","Fiction","2001","3.75","93498","93498"
"963","Surely You're Joking, Mr. Feynman!: Adventures of a Curious Character","Richard Feynman","Fiction","1984","4.29","91625","91625"
"964","Linger (The Wolves of Mercy Falls, #2)","Maggie Stiefvater","Fiction","2010","3.91","125363","125363"
"965","The Complete Anne of Green Gables Boxed Set (Anne of Green Gables, #1-8)","L.M. Montgomery","Fiction","1908","4.42","92142","92142"
"966","A Portrait of the Artist as a Young Man","James Joyce","Fiction","1916","3.6","92569","92569"
"967","The Gathering Storm (Wheel of Time, #12)","Robert Jordan","Fantasy","2009","4.34","94095","94095"
"968","Middlemarch","George Eliot","Fiction","1871","3.93","95995","95995"
"969","Point of Retreat (Slammed, #2)","Colleen Hoover","Fiction","2012","4.3","109344","109344"
"970","The Partner","John Grisham","Fiction","1997","3.89","86870","86870"
"971","J.R.R. Tolkien 4-Book Boxed Set: The Hobbit and The Lord of the Rings","J.R.R. Tolkien","Fantasy","1973","4.59","90907","90907"
"972","Thoughtless (Thoughtless, #1)","S.C. Stephens","Fiction","2009","4.12","90483","90483"
"973","Presumed Innocent","Scott Turow","Fiction","1986","4.1","91774","91774"
"974","The Dark Half","Stephen King","Fiction","1989","3.74","94624","94624"
"975","Cleopatra: A Life","Stacy Schiff","Fiction","2006","3.62","73994","73994"
"976","The World Is Flat: A Brief History of the Twenty-first Century","Thomas L. Friedman","History","2005","3.66","78271","78271"
"977","Steelheart (The Reckoners, #1)","Brandon Sanderson","Fantasy","2013","4.16","76261","76261"
"978","The Rainbow Fish","Marcus Pfister","Fiction","1995","4.15","95421","95421"
"979","Journey to the Center of the Earth (Extraordinary Voyages, #3)","Jules Verne","Fiction","1864","3.84","89410","89410"
"980","The Happiness Project: Or Why I Spent a Year Trying to Sing in the Morning, Clean My Closets, Fight Right, Read Aristotle, and Generally Have More Fun","Gretchen Rubin","Fiction","2009","3.57","94456","94456"
"981","The Man in the High Castle","Philip K. Dick","Fiction","1962","3.66","84180","84180"
"982","Helter Skelter: The True Story of the Manson Murders","Vincent Bugliosi","Thriller","1974","4","92158","92158"
"983","Dr. Seuss's Green Eggs and Ham: For Soprano, Boy Soprano, and Orchestra","Robert Kapilow","Fiction","2000","4.44","90574","90574"
"984","Inferno (The Divine Comedy #1)","Dante Alighieri","Fiction","1320","3.99","87511","87511"
"985","Shadow of Night (All Souls Trilogy, #2)","Deborah Harkness","Fiction","2012","4.04","97925","97925"
"986","Leaving Time","Jodi Picoult","Fiction","2014","3.94","76553","76553"
"987","Moon Called (Mercy Thompson, #1)","Patricia Briggs","Fiction","2006","4.18","129150","129150"
"988","Blue Bloods (Blue Bloods, #1)","Melissa de la Cruz","Fiction","2006","3.68","116687","116687"
"989","The Alienist (Dr. Laszlo Kreizler, #1)","Caleb Carr","Fiction","1994","4.05","96981","96981"
"990","Between the World and Me","Ta-Nehisi Coates","History","2015","4.4","74218","74218"
"991","Paradise Lost","John Milton","Fiction","1667","3.8","96316","96316"
"992","The Big Short: Inside the Doomsday Machine","Michael   Lewis","Fiction","2009","4.26","37090","37090"
"993","The Girl Who Loved Tom Gordon","Stephen King","Romance","1999","3.56","95768","95768"
"994","A Monster Calls","Patrick Ness","Fiction","2011","4.36","104579","104579"
"995","Towers of Midnight (Wheel of Time, #13)","Robert Jordan","Fiction","2010","4.42","91383","91383"
"996","The Day of the Jackal","Frederick Forsyth","Fiction","1971","4.25","85883","85883"
"997","Rework","Jason Fried","Self Help","2010","3.93","88626","88626"
"998","Attachments","Rainbow Rowell","Fiction","2011","3.95","105414","105414"
"999","The Twilight Saga (Twilight, #1-4)","Stephenie Meyer","Fiction","2005","3.88","89204","89204"
"1000","Tell the Wolves I'm Home","Carol Rifka Brunt","Fiction","2012","4.04","85582","85582"
