"user_id","book_id","score"
"1","1","5"
"1","2","4"
"1","9","5"
"2","4","4"
"2","6","5"
"2","10","5"
"3","3","5"
"3","8","4"
"4","7","4"
"6","1","5"
"7","7","4"
"7","142","4"
"7","203","5"
"7","214","3"
"7","330","4"
"7","384","5"
"7","409","3"
"7","423","3"
"7","446","2"
"7","479","4"
"7","485","3"
"7","493","5"
"7","553","4"
"7","589","3"
"7","604","3"
"7","658","5"
"7","774","3"
"8","1","5"
"8","2","3"
"8","4","5"
"8","9","3"
"8","21","4"
"8","25","3"
"8","28","4"
"8","34","5"
"8","55","3"
"8","77","3"
"8","118","2"
"8","169","4"
"8","211","3"
"8","565","2"
"8","598","2"
"8","642","2"
"8","644","5"
"8","649","2"
"8","670","4"
"8","886","3"
"8","897","5"
"8","921","4"
"8","955","4"
"8","976","2"
"9","7","3"
"9","72","4"
"9","79","4"
"9","83","4"
"9","109","5"
"9","249","4"
"9","407","2"
"9","419","4"
"9","440","2"
"9","458","3"
"9","463","3"
"9","511","4"
"9","550","3"
"9","570","4"
"9","704","5"
"9","771","3"
"9","778","2"
"9","824","3"
"9","834","4"
"9","910","3"
"10","1","5"
"10","2","4"
"10","7","4"
"10","9","5"
"10","34","4"
"10","38","5"
"10","42","5"
"10","51","3"
"10","68","3"
"10","224","3"
"10","263","5"
"10","342","3"
"10","343","3"
"10","404","5"
"10","480","4"
"10","508","3"
"10","679","5"
"10","793","4"
"11","5","2"
"11","12","4"
"11","44","4"
"11","95","3"
"11","138","4"
"11","190","2"
"11","214","4"
"11","268","5"
"11","278","3"
"11","337","2"
"11","358","3"
"11","381","4"
"11","413","4"
"11","455","2"
"11","467","3"
"11","478","2"
"11","544","3"
"11","589","4"
"11","653","2"
"11","684","2"
"11","907","3"
"11","917","2"
"11","921","2"
"11","924","4"
"11","997","3"
"12","27","5"
"12","38","5"
"12","68","3"
"12","77","4"
"12","199","5"
"12","214","2"
"12","224","5"
"12","343","5"
"12","391","3"
"12","400","4"
"12","406","4"
"12","457","3"
"12","480","3"
"12","508","3"
"12","569","4"
"12","589","2"
"12","679","3"
"12","709","3"
"12","837","4"
"12","916","4"
"12","967","5"
"12","982","5"
"13","27","4"
"13","38","5"
"13","46","3"
"13","47","4"
"13","51","3"
"13","68","5"
"13","89","5"
"13","138","3"
"13","159","2"
"13","178","4"
"13","206","3"
"13","224","4"
"13","265","5"
"13","343","5"
"13","404","3"
"13","419","2"
"13","480","5"
"13","508","5"
"13","535","4"
"13","559","4"
"13","569","5"
"13","600","4"
"13","629","3"
"13","701","2"
"13","813","4"
"13","938","5"
"13","967","4"
"13","971","3"
"13","973","5"
"13","982","4"
"14","1","5"
"14","2","4"
"14","9","4"
"14","34","5"
"14","44","4"
"14","214","2"
"14","303","5"
"14","392","3"
"14","413","3"
"14","589","2"
"14","615","3"
"14","649","4"
"14","670","3"
"14","762","3"
"14","855","2"
"14","886","4"
"14","912","3"
"14","955","4"
"14","990","2"
"15","12","5"
"15","44","4"
"15","83","3"
"15","151","2"
"15","162","5"
"15","178","3"
"15","206","4"
"15","246","2"
"15","337","3"
"15","343","4"
"15","396","2"
"15","407","3"
"15","436","3"
"15","440","4"
"15","478","4"
"15","483","4"
"15","535","3"
"15","554","3"
"15","557","4"
"15","569","4"
"15","572","5"
"15","709","4"
"15","776","2"
"15","834","2"
"15","856","4"
"15","863","3"
"15","874","4"
"15","917","4"
"15","927","4"
"15","955","2"
"16","1","5"
"16","2","4"
"16","4","4"
"16","9","4"
"16","21","5"
"16","28","3"
"16","34","5"
"16","44","2"
"16","55","5"
"16","61","5"
"16","246","3"
"16","262","4"
"16","283","5"
"16","337","4"
"16","392","3"
"16","462","3"
"16","483","2"
"16","510","5"
"16","594","3"
"16","644","3"
"16","670","2"
"16","901","4"
"16","917","3"
"17","1","3"
"17","2","4"
"17","9","5"
"17","34","5"
"17","171","3"
"17","176","4"
"17","214","2"
"17","559","3"
"17","578","2"
"17","589","3"
"17","615","2"
"17","804","2"
"17","848","4"
"17","870","2"
"17","993","3"
"18","5","2"
"18","138","5"
"18","149","5"
"18","190","3"
"18","218","4"
"18","254","3"
"18","342","5"
"18","381","3"
"18","413","2"
"18","441","4"
"18","501","3"
"18","554","3"
"18","619","4"
"18","626","2"
"18","670","2"
"18","690","5"
"18","713","2"
"18","756","3"
"18","770","3"
"18","787","5"
"18","860","5"
"18","902","2"
"18","907","4"
"18","955","2"
"18","976","4"
"18","982","5"
"18","997","2"
"19","12","3"
"19","26","4"
"19","62","4"
"19","155","4"
"19","199","3"
"19","218","3"
"19","254","4"
"19","255","4"
"19","321","2"
"19","356","2"
"19","406","3"
"19","413","2"
"19","466","3"
"19","467","2"
"19","505","3"
"19","569","3"
"19","626","2"
"19","649","4"
"19","684","3"
"19","902","3"
"19","907","4"
"19","921","2"
"19","924","4"
"19","971","4"
"19","977","3"
"19","990","4"
"19","997","3"
"20","1","5"
"20","2","4"
"20","7","3"
"20","9","5"
"20","34","4"
"20","159","4"
"20","309","2"
"20","427","3"
"20","445","4"
"20","511","2"
"20","663","3"
"20","723","3"
"20","739","4"
"20","776","3"
"20","834","2"
"20","896","2"
"20","923","2"
"21","38","5"
"21","98","5"
"21","214","3"
"21","224","5"
"21","253","4"
"21","325","3"
"21","343","5"
"21","404","4"
"21","480","5"
"21","482","5"
"21","508","3"
"21","549","4"
"21","589","3"
"21","659","3"
"21","679","5"
"21","686","2"
"21","745","5"
"21","880","5"
"21","903","3"
"21","943","3"
"21","982","4"
"22","1","4"
"22","2","3"
"22","9","4"
"22","34","5"
"22","38","3"
"22","68","3"
"22","151","2"
"22","224","3"
"22","285","5"
"22","343","4"
"22","404","3"
"22","446","2"
"22","480","5"
"22","501","3"
"22","554","4"
"22","557","3"
"22","642","3"
"22","649","2"
"22","673","5"
"22","679","5"
"22","762","2"
"22","790","5"
"22","982","3"
"23","17","4"
"23","47","2"
"23","51","2"
"23","53","4"
"23","176","3"
"23","214","4"
"23","237","3"
"23","270","3"
"23","293","4"
"23","365","3"
"23","389","4"
"23","458","3"
"23","511","2"
"23","543","3"
"23","589","3"
"23","662","4"
"23","663","3"
"23","672","2"
"23","757","5"
"23","774","4"
"23","895","5"
"23","915","5"
"23","923","4"
"23","949","4"
"24","4","4"
"24","25","3"
"24","55","5"
"24","112","4"
"24","118","2"
"24","133","4"
"24","151","4"
"24","214","3"
"24","246","3"
"24","333","4"
"24","483","2"
"24","499","4"
"24","510","5"
"24","544","5"
"24","565","2"
"24","589","3"
"24","649","2"
"24","670","2"
"24","767","3"
"24","944","3"
"24","976","3"
"25","7","2"
"25","12","5"
"25","23","2"
"25","82","2"
"25","135","4"
"25","142","5"
"25","162","5"
"25","399","4"
"25","400","3"
"25","406","3"
"25","438","4"
"25","476","4"
"25","569","5"
"25","577","3"
"25","598","3"
"25","698","2"
"25","744","3"
"25","772","3"
"25","828","5"
"25","844","5"
"25","869","4"
"26","5","4"
"26","7","3"
"26","44","2"
"26","190","3"
"26","218","3"
"26","381","4"
"26","410","4"
"26","413","3"
"26","436","3"
"26","467","2"
"26","506","2"
"26","544","3"
"26","637","2"
"26","642","2"
"26","676","3"
"26","713","4"
"26","825","5"
"26","898","3"
"26","902","3"
"26","917","4"
"26","955","2"
"26","997","3"
"27","23","3"
"27","41","2"
"27","135","4"
"27","174","5"
"27","176","4"
"27","214","2"
"27","276","2"
"27","286","2"
"27","329","2"
"27","361","4"
"27","399","3"
"27","427","4"
"27","589","2"
"27","598","2"
"27","622","3"
"27","629","4"
"27","663","3"
"27","681","3"
"27","690","2"
"27","710","5"
"27","723","3"
"27","744","3"
"27","752","3"
"27","848","3"
"28","23","4"
"28","38","5"
"28","41","3"
"28","82","2"
"28","118","4"
"28","135","2"
"28","224","5"
"28","325","2"
"28","343","3"
"28","392","2"
"28","404","5"
"28","446","2"
"28","480","4"
"28","483","3"
"28","508","4"
"28","554","4"
"28","562","3"
"28","591","3"
"28","598","2"
"28","609","3"
"28","679","4"
"28","744","3"
"28","752","4"
"28","838","4"
"28","921","2"
"28","976","3"
"28","982","3"
"28","990","2"
"29","23","3"
"29","38","5"
"29","41","4"
"29","68","4"
"29","82","4"
"29","218","3"
"29","224","4"
"29","254","3"
"29","333","5"
"29","338","4"
"29","343","3"
"29","358","3"
"29","399","2"
"29","404","5"
"29","480","4"
"29","626","2"
"29","637","3"
"29","679","3"
"29","681","4"
"29","698","4"
"29","744","3"
"29","772","2"
"29","850","2"
"29","895","4"
"29","902","3"
"29","918","5"
"29","924","3"
"29","962","2"
"29","982","4"
"29","997","4"
"30","4","3"
"30","23","3"
"30","28","3"
"30","41","2"
"30","76","3"
"30","82","4"
"30","133","5"
"30","214","2"
"30","305","5"
"30","344","3"
"30","404","4"
"30","513","4"
"30","562","4"
"30","589","2"
"30","598","2"
"30","681","3"
"30","724","5"
"30","744","2"
"30","752","3"
"30","767","3"
"30","996","2"
"31","1","3"
"31","2","3"
"31","9","3"
"31","11","4"
"31","32","3"
"31","34","4"
"31","36","5"
"31","46","3"
"31","61","4"
"31","76","3"
"31","77","5"
"31","148","3"
"31","168","3"
"31","170","3"
"31","265","4"
"31","406","5"
"31","535","3"
"31","636","2"
"31","724","5"
"31","767","5"
"31","772","5"
"31","845","4"
"31","863","3"
"31","916","4"
"32","12","3"
"32","30","4"
"32","48","4"
"32","114","3"
"32","178","3"
"32","226","4"
"32","240","3"
"32","300","5"
"32","317","4"
"32","337","4"
"32","424","3"
"32","446","2"
"32","483","3"
"32","497","3"
"32","544","5"
"32","578","5"
"32","620","5"
"32","629","2"
"32","649","2"
"32","690","4"
"32","708","3"
"32","713","2"
"32","745","3"
"32","746","5"
"32","762","4"
"32","804","3"
"32","870","4"
"32","893","3"
"32","911","5"
"32","917","2"
"32","932","5"
"33","1","5"
"33","2","4"
"33","9","4"
"33","24","4"
"33","32","3"
"33","34","3"
"33","103","2"
"33","117","4"
"33","214","2"
"33","291","5"
"33","397","2"
"33","488","3"
"33","572","3"
"33","589","4"
"33","608","2"
"33","610","4"
"33","618","5"
"33","709","3"
"34","20","5"
"34","24","5"
"34","38","4"
"34","68","5"
"34","150","3"
"34","155","5"
"34","168","5"
"34","224","5"
"34","239","5"
"34","314","5"
"34","324","5"
"34","343","4"
"34","358","4"
"34","397","3"
"34","400","3"
"34","404","4"
"34","429","5"
"34","458","4"
"34","473","5"
"34","480","3"
"34","508","3"
"34","590","4"
"34","593","4"
"34","618","4"
"34","679","4"
"34","862","5"
"34","927","3"
"35","1","4"
"35","2","5"
"35","9","4"
"35","34","4"
"35","41","3"
"35","44","3"
"35","62","3"
"35","82","4"
"35","228","2"
"35","399","2"
"35","410","4"
"35","454","3"
"35","539","2"
"35","554","3"
"35","562","4"
"35","565","3"
"35","598","2"
"35","607","3"
"35","681","2"
"35","698","4"
"35","713","4"
"35","772","2"
"35","790","2"
"35","816","4"
"35","921","4"
"36","1","3"
"36","2","4"
"36","9","4"
"36","34","3"
"36","44","2"
"36","62","4"
"36","65","2"
"36","144","3"
"36","166","3"
"36","169","3"
"36","201","3"
"36","267","4"
"36","293","4"
"36","333","5"
"36","337","5"
"36","352","3"
"36","505","3"
"36","591","4"
"36","642","2"
"36","649","2"
"36","684","2"
"36","722","2"
"36","795","3"
"36","917","2"
"36","955","3"
"37","7","4"
"37","25","5"
"37","26","5"
"37","41","3"
"37","44","2"
"37","62","2"
"37","82","2"
"37","118","4"
"37","135","4"
"37","392","4"
"37","399","4"
"37","505","2"
"37","554","2"
"37","681","4"
"37","744","2"
"37","752","2"
"37","772","4"
"37","885","2"
"37","901","3"
"37","921","4"
"38","5","4"
"38","28","5"
"38","55","4"
"38","68","3"
"38","112","3"
"38","180","3"
"38","190","4"
"38","218","3"
"38","224","3"
"38","254","2"
"38","276","3"
"38","343","5"
"38","344","4"
"38","389","3"
"38","404","5"
"38","439","4"
"38","457","3"
"38","467","3"
"38","480","5"
"38","508","5"
"38","510","4"
"38","637","3"
"38","679","4"
"38","724","3"
"38","845","4"
"38","974","2"
"38","982","3"
"38","997","4"
"39","16","5"
"39","30","3"
"39","34","4"
"39","183","5"
"39","205","4"
"39","214","4"
"39","245","4"
"39","255","4"
"39","354","4"
"39","407","2"
"39","415","3"
"39","458","3"
"39","589","3"
"39","658","3"
"39","683","5"
"39","693","4"
"39","701","2"
"39","804","3"
"39","848","3"
"39","896","4"
"39","925","5"
"40","1","3"
"40","2","3"
"40","9","5"
"40","34","5"
"40","41","4"
"40","82","2"
"40","135","2"
"40","214","4"
"40","589","2"
"40","598","4"
"40","681","2"
"40","698","4"
"40","752","4"
"40","772","3"
"40","814","2"
"40","945","5"
"41","1","3"
"41","2","5"
"41","9","4"
"41","34","5"
"41","63","3"
"41","180","4"
"41","190","3"
"41","218","2"
"41","254","3"
"41","259","5"
"41","303","3"
"41","358","3"
"41","430","3"
"41","446","2"
"41","456","4"
"41","461","4"
"41","536","5"
"41","631","4"
"41","637","3"
"41","647","4"
"41","902","3"
"41","924","3"
"41","980","4"
"42","1","3"
"42","2","4"
"42","4","3"
"42","9","5"
"42","11","3"
"42","21","3"
"42","28","5"
"42","34","5"
"42","47","4"
"42","215","3"
"42","305","5"
"42","361","4"
"42","366","4"
"42","407","3"
"42","427","4"
"42","452","5"
"42","632","2"
"42","635","2"
"42","723","2"
"42","724","3"
"42","796","5"
"42","828","3"
"42","845","3"
"42","896","4"
"42","910","2"
"42","993","2"
"43","23","3"
"43","30","4"
"43","38","5"
"43","68","4"
"43","82","3"
"43","135","2"
"43","224","5"
"43","343","4"
"43","399","4"
"43","404","4"
"43","427","4"
"43","480","5"
"43","488","3"
"43","511","4"
"43","562","2"
"43","598","3"
"43","615","2"
"43","679","4"
"43","693","3"
"43","698","4"
"43","772","3"
"43","778","2"
"43","848","2"
"43","858","4"
"43","896","3"
"43","982","3"
"44","1","3"
"44","2","5"
"44","9","4"
"44","34","4"
"44","55","4"
"44","76","3"
"44","77","3"
"44","100","5"
"44","107","5"
"44","112","5"
"44","291","5"
"44","298","5"
"44","305","5"
"44","327","4"
"44","499","5"
"44","649","3"
"44","675","4"
"44","678","3"
"44","775","4"
"44","796","4"
"44","833","5"
"44","843","4"
"44","844","4"
"44","845","4"
"44","847","3"
"44","877","3"
"45","5","3"
"45","19","3"
"45","38","4"
"45","68","3"
"45","176","3"
"45","190","4"
"45","224","3"
"45","240","2"
"45","254","4"
"45","276","4"
"45","343","3"
"45","404","4"
"45","407","2"
"45","508","3"
"45","544","2"
"45","559","2"
"45","626","3"
"45","637","3"
"45","648","3"
"45","679","3"
"45","693","4"
"45","828","2"
"45","896","4"
"45","902","3"
"45","982","3"
"45","997","4"
"46","23","4"
"46","41","3"
"46","55","5"
"46","61","5"
"46","62","2"
"46","135","4"
"46","149","4"
"46","180","2"
"46","283","4"
"46","344","3"
"46","399","3"
"46","467","3"
"46","499","4"
"46","544","4"
"46","626","2"
"46","637","3"
"46","681","3"
"46","698","3"
"46","724","5"
"46","741","4"
"46","744","3"
"46","752","2"
"46","796","4"
"46","897","3"
"46","907","4"
"46","924","3"
"46","997","2"
"47","1","3"
"47","2","4"
"47","4","5"
"47","9","5"
"47","11","4"
"47","34","3"
"47","40","2"
"47","50","2"
"47","77","4"
"47","81","2"
"47","148","4"
"47","260","5"
"47","376","3"
"47","408","5"
"47","506","2"
"47","548","3"
"47","571","4"
"47","644","4"
"47","724","5"
"47","758","5"
"47","796","3"
"47","815","3"
"47","845","3"
"47","852","4"
"47","942","3"
"48","177","3"
"48","204","3"
"48","214","2"
"48","226","4"
"48","237","2"
"48","308","5"
"48","333","3"
"48","340","5"
"48","407","4"
"48","427","3"
"48","465","4"
"48","511","2"
"48","522","3"
"48","589","4"
"48","594","4"
"48","690","3"
"48","729","4"
"48","834","3"
"48","842","4"
"48","870","2"
"48","952","5"
"48","960","5"
"48","993","2"
"49","1","3"
"49","2","3"
"49","7","4"
"49","9","5"
"49","34","5"
"49","41","2"
"49","82","2"
"49","135","4"
"49","294","3"
"49","368","5"
"49","598","4"
"49","681","4"
"49","698","3"
"49","752","3"
"49","772","4"
"49","874","4"
"50","15","5"
"50","23","3"
"50","41","2"
"50","82","3"
"50","114","2"
"50","178","2"
"50","182","5"
"50","206","2"
"50","214","4"
"50","237","3"
"50","399","3"
"50","408","4"
"50","419","3"
"50","562","3"
"50","589","2"
"50","698","2"
"50","752","3"
"50","772","4"
"50","834","3"
"50","874","3"
"50","896","3"
"51","7","3"
"51","30","4"
"51","38","5"
"51","68","4"
"51","200","3"
"51","214","3"
"51","224","5"
"51","404","3"
"51","418","2"
"51","480","3"
"51","508","5"
"51","555","4"
"51","568","5"
"51","589","3"
"51","679","5"
"51","799","3"
"51","982","3"
"52","6","4"
"52","12","5"
"52","30","4"
"52","40","5"
"52","70","4"
"52","159","4"
"52","239","2"
"52","259","3"
"52","276","2"
"52","314","3"
"52","324","2"
"52","385","5"
"52","438","4"
"52","449","4"
"52","458","4"
"52","511","4"
"52","546","3"
"52","572","3"
"52","578","2"
"52","647","4"
"52","663","3"
"52","717","4"
"52","759","4"
"52","828","2"
"52","884","4"
"52","971","3"
"52","984","3"
"53","23","3"
"53","35","3"
"53","41","3"
"53","70","3"
"53","83","2"
"53","117","4"
"53","172","4"
"53","181","4"
"53","192","5"
"53","240","3"
"53","265","5"
"53","276","4"
"53","349","3"
"53","399","4"
"53","419","2"
"53","427","2"
"53","446","5"
"53","458","2"
"53","481","3"
"53","562","4"
"53","569","4"
"53","598","4"
"53","683","3"
"53","698","3"
"53","744","4"
"53","752","2"
"53","848","4"
"53","869","4"
"53","874","4"
"54","23","3"
"54","41","3"
"54","135","3"
"54","184","4"
"54","214","2"
"54","256","5"
"54","274","4"
"54","282","5"
"54","421","4"
"54","464","5"
"54","476","5"
"54","562","2"
"54","589","3"
"54","596","2"
"54","602","3"
"54","681","2"
"54","744","2"
"54","752","2"
"54","772","2"
"54","843","3"
"54","914","5"
"55","19","2"
"55","21","5"
"55","25","5"
"55","29","3"
"55","33","3"
"55","112","3"
"55","148","5"
"55","159","2"
"55","172","4"
"55","237","3"
"55","265","5"
"55","276","4"
"55","305","3"
"55","353","3"
"55","361","4"
"55","440","3"
"55","610","5"
"55","644","3"
"55","690","3"
"55","715","5"
"55","723","3"
"55","724","4"
"55","897","3"
"55","916","3"
"55","921","3"
"55","971","4"
"55","980","4"
"55","993","3"
"56","5","3"
"56","31","4"
"56","59","3"
"56","60","2"
"56","140","2"
"56","190","4"
"56","214","2"
"56","218","4"
"56","265","3"
"56","358","4"
"56","527","3"
"56","544","3"
"56","589","3"
"56","610","4"
"56","618","4"
"56","637","4"
"56","708","2"
"56","718","5"
"56","749","4"
"56","869","3"
"56","907","3"
"56","967","3"
"56","997","4"
"57","4","3"
"57","7","3"
"57","11","3"
"57","14","2"
"57","25","4"
"57","112","3"
"57","210","4"
"57","223","5"
"57","414","4"
"57","460","2"
"57","469","3"
"57","482","5"
"57","499","4"
"57","510","3"
"57","627","3"
"57","634","5"
"57","644","3"
"57","669","4"
"57","767","5"
"57","802","3"
"57","818","4"
"57","946","3"
"58","5","4"
"58","23","3"
"58","51","4"
"58","61","5"
"58","135","4"
"58","178","4"
"58","190","2"
"58","195","3"
"58","218","3"
"58","276","4"
"58","358","4"
"58","397","4"
"58","544","2"
"58","550","2"
"58","598","3"
"58","663","3"
"58","681","2"
"58","698","4"
"58","701","3"
"58","744","2"
"58","750","2"
"58","752","4"
"58","772","3"
"58","778","3"
"58","834","3"
"58","835","4"
"58","896","4"
"58","902","2"
"58","907","3"
"58","997","3"
"59","5","4"
"59","6","4"
"59","24","3"
"59","51","5"
"59","65","5"
"59","84","3"
"59","89","5"
"59","122","2"
"59","180","3"
"59","190","3"
"59","196","3"
"59","340","5"
"59","342","5"
"59","350","5"
"59","358","4"
"59","436","4"
"59","470","4"
"59","508","3"
"59","527","3"
"59","544","2"
"59","577","4"
"59","618","4"
"59","626","2"
"59","637","4"
"59","657","5"
"59","736","4"
"59","764","5"
"59","892","4"
"59","902","4"
"59","926","2"
"59","927","3"
"59","973","4"
"60","1","5"
"60","2","4"
"60","9","5"
"60","34","3"
"60","38","5"
"60","68","4"
"60","118","3"
"60","163","4"
"60","224","4"
"60","309","3"
"60","343","5"
"60","381","3"
"60","392","2"
"60","404","4"
"60","508","3"
"60","557","4"
"60","679","4"
"60","684","3"
"60","713","3"
"60","865","5"
"60","901","2"
"60","917","4"
"60","940","5"
"60","982","3"
"61","41","4"
"61","82","3"
"61","93","5"
"61","94","4"
"61","105","4"
"61","117","5"
"61","135","3"
"61","142","3"
"61","166","5"
"61","172","3"
"61","286","5"
"61","347","5"
"61","349","5"
"61","396","4"
"61","414","3"
"61","479","3"
"61","572","4"
"61","598","2"
"61","625","5"
"61","675","2"
"61","698","4"
"61","744","2"
"61","752","2"
"61","772","2"
"61","799","3"
"61","818","5"
"61","977","4"
"61","979","5"
"62","4","4"
"62","25","3"
"62","44","4"
"62","62","2"
"62","76","3"
"62","133","4"
"62","197","3"
"62","219","3"
"62","374","3"
"62","410","4"
"62","497","4"
"62","505","3"
"62","509","3"
"62","514","4"
"62","554","3"
"62","565","2"
"62","601","4"
"62","631","4"
"62","697","2"
"62","745","4"
"62","767","3"
"62","796","4"
"62","814","5"
"62","897","3"
"62","903","3"
"62","929","4"
"62","990","3"
"63","7","2"
"63","21","3"
"63","23","2"
"63","41","3"
"63","55","4"
"63","76","4"
"63","120","3"
"63","132","4"
"63","133","4"
"63","135","2"
"63","148","3"
"63","153","2"
"63","282","5"
"63","421","4"
"63","499","3"
"63","598","2"
"63","622","5"
"63","698","3"
"63","744","3"
"63","752","3"
"63","767","4"
"63","772","4"
"63","796","5"
"64","4","3"
"64","7","3"
"64","21","5"
"64","30","2"
"64","76","5"
"64","123","4"
"64","148","5"
"64","195","2"
"64","276","4"
"64","298","3"
"64","309","2"
"64","419","3"
"64","478","4"
"64","514","3"
"64","578","2"
"64","581","5"
"64","644","3"
"64","724","4"
"64","767","5"
"64","778","4"
"64","934","4"
"64","993","2"
"65","6","3"
"65","7","4"
"65","30","2"
"65","32","5"
"65","46","4"
"65","52","2"
"65","168","4"
"65","397","4"
"65","438","3"
"65","440","4"
"65","470","5"
"65","478","4"
"65","530","2"
"65","556","3"
"65","578","3"
"65","663","2"
"65","686","3"
"65","693","3"
"65","851","5"
"65","863","5"
"65","870","2"
"65","963","3"
"65","993","2"
"66","5","3"
"66","7","2"
"66","23","3"
"66","41","2"
"66","135","4"
"66","218","3"
"66","230","4"
"66","467","3"
"66","478","4"
"66","544","2"
"66","562","4"
"66","622","5"
"66","626","2"
"66","698","2"
"66","744","3"
"66","752","2"
"66","772","4"
"66","827","3"
"66","833","3"
"66","902","2"
"66","907","2"
"66","924","3"
"67","29","4"
"67","31","4"
"67","38","5"
"67","68","5"
"67","83","2"
"67","105","3"
"67","114","4"
"67","195","4"
"67","224","5"
"67","237","2"
"67","314","5"
"67","343","4"
"67","361","4"
"67","404","5"
"67","429","4"
"67","458","2"
"67","478","2"
"67","480","3"
"67","535","3"
"67","629","4"
"67","668","3"
"67","669","4"
"67","679","4"
"67","701","3"
"67","735","3"
"67","768","5"
"67","863","4"
"67","982","3"
"68","4","3"
"68","23","2"
"68","28","5"
"68","41","4"
"68","92","4"
"68","133","4"
"68","168","4"
"68","214","2"
"68","310","3"
"68","399","2"
"68","499","5"
"68","510","3"
"68","514","4"
"68","562","3"
"68","589","3"
"68","598","2"
"68","636","4"
"68","698","2"
"68","752","3"
"68","767","3"
"68","772","4"
"68","796","4"
"69","1","5"
"69","2","5"
"69","7","2"
"69","9","4"
"69","34","3"
"69","145","2"
"69","158","4"
"69","214","2"
"69","316","4"
"69","368","2"
"69","589","3"
"69","723","4"
"69","782","5"
"70","38","3"
"70","68","5"
"70","176","4"
"70","180","5"
"70","214","2"
"70","224","5"
"70","237","3"
"70","240","4"
"70","322","2"
"70","343","5"
"70","404","4"
"70","407","4"
"70","440","3"
"70","458","2"
"70","480","3"
"70","508","3"
"70","588","2"
"70","589","2"
"70","615","2"
"70","790","5"
"70","848","2"
"70","961","3"
"70","982","5"
"71","7","3"
"71","218","2"
"71","246","4"
"71","254","3"
"71","337","3"
"71","358","2"
"71","413","2"
"71","446","3"
"71","483","2"
"71","505","4"
"71","518","2"
"71","544","4"
"71","557","3"
"71","626","2"
"71","637","2"
"71","753","5"
"71","902","2"
"71","990","2"
"71","997","4"
"72","1","3"
"72","2","3"
"72","5","2"
"72","9","3"
"72","34","3"
"72","38","4"
"72","68","5"
"72","180","4"
"72","190","4"
"72","218","3"
"72","224","5"
"72","343","3"
"72","404","3"
"72","456","4"
"72","467","4"
"72","480","3"
"72","508","3"
"72","626","4"
"72","808","3"
"72","809","4"
"72","902","3"
"72","982","3"
"72","997","2"
"73","19","4"
"73","36","4"
"73","39","3"
"73","90","3"
"73","206","4"
"73","276","3"
"73","372","3"
"73","413","2"
"73","432","5"
"73","446","4"
"73","476","4"
"73","483","4"
"73","486","5"
"73","501","2"
"73","517","5"
"73","557","3"
"73","578","2"
"73","604","5"
"73","615","4"
"73","642","3"
"73","664","5"
"73","693","3"
"73","816","2"
"73","848","3"
"73","854","3"
"73","856","3"
"73","870","4"
"73","921","4"
"74","1","5"
"74","2","5"
"74","9","3"
"74","34","5"
"74","44","3"
"74","122","4"
"74","135","3"
"74","151","2"
"74","337","5"
"74","389","5"
"74","399","4"
"74","410","3"
"74","483","3"
"74","557","2"
"74","562","4"
"74","670","2"
"74","681","3"
"74","698","4"
"74","744","2"
"74","752","4"
"74","772","4"
"74","836","2"
"74","901","3"
"74","955","2"
"74","993","4"
"75","4","5"
"75","12","5"
"75","21","5"
"75","33","5"
"75","38","4"
"75","61","3"
"75","68","3"
"75","77","3"
"75","122","4"
"75","196","5"
"75","224","4"
"75","314","4"
"75","343","5"
"75","404","3"
"75","438","3"
"75","444","3"
"75","508","5"
"75","510","4"
"75","554","5"
"75","569","5"
"75","618","5"
"75","679","4"
"75","709","3"
"75","724","4"
"75","796","5"
"75","845","3"
"75","875","4"
"75","949","2"
"75","982","3"
"76","4","4"
"76","25","4"
"76","30","2"
"76","76","3"
"76","77","5"
"76","78","4"
"76","83","2"
"76","214","4"
"76","305","3"
"76","407","5"
"76","419","3"
"76","458","3"
"76","514","5"
"76","578","2"
"76","585","4"
"76","589","3"
"76","690","2"
"76","723","3"
"76","724","5"
"76","727","3"
"76","785","5"
"76","796","5"
"76","828","3"
"77","1","4"
"77","2","3"
"77","9","4"
"77","11","3"
"77","34","3"
"77","61","4"
"77","76","3"
"77","135","3"
"77","148","4"
"77","290","4"
"77","305","3"
"77","311","5"
"77","426","5"
"77","449","5"
"77","471","2"
"77","510","4"
"77","514","4"
"77","728","4"
"77","845","4"
"77","854","4"
"77","864","5"
"77","866","3"
"77","875","5"
"77","932","3"
"78","1","4"
"78","2","4"
"78","9","5"
"78","11","4"
"78","34","5"
"78","54","2"
"78","55","3"
"78","59","4"
"78","76","3"
"78","112","5"
"78","148","3"
"78","205","3"
"78","215","3"
"78","218","4"
"78","351","4"
"78","391","3"
"78","397","4"
"78","521","4"
"78","584","5"
"78","644","5"
"78","647","4"
"78","651","4"
"78","796","3"
"78","798","4"
"78","845","3"
"79","5","3"
"79","11","4"
"79","21","5"
"79","25","4"
"79","41","3"
"79","82","2"
"79","133","3"
"79","148","5"
"79","190","4"
"79","194","2"
"79","283","5"
"79","358","4"
"79","398","2"
"79","399","4"
"79","439","3"
"79","544","4"
"79","562","3"
"79","598","3"
"79","626","4"
"79","637","4"
"79","681","3"
"79","698","4"
"79","734","3"
"79","752","2"
"79","845","4"
"79","902","2"
"79","957","5"
"79","997","3"
"80","6","5"
"80","10","4"
"80","24","5"
"80","38","5"
"80","68","3"
"80","172","5"
"80","185","5"
"80","214","2"
"80","224","5"
"80","246","2"
"80","343","3"
"80","363","5"
"80","404","4"
"80","436","5"
"80","470","5"
"80","480","3"
"80","508","4"
"80","569","5"
"80","589","3"
"80","679","3"
"80","758","4"
"80","819","3"
"80","971","5"
"81","5","4"
"81","38","5"
"81","60","3"
"81","68","3"
"81","190","2"
"81","194","3"
"81","203","4"
"81","206","3"
"81","224","3"
"81","243","3"
"81","254","2"
"81","304","3"
"81","343","4"
"81","404","3"
"81","467","3"
"81","470","2"
"81","480","5"
"81","508","4"
"81","550","3"
"81","637","3"
"81","721","3"
"81","868","4"
"81","879","3"
"81","902","2"
"81","907","4"
"81","918","3"
"81","924","4"
"81","982","5"
"81","992","5"
"82","7","4"
"82","180","2"
"82","190","2"
"82","218","2"
"82","246","3"
"82","358","2"
"82","381","4"
"82","446","2"
"82","483","2"
"82","497","2"
"82","626","3"
"82","637","2"
"82","642","3"
"82","713","2"
"82","902","4"
"82","924","2"
"82","932","4"
"82","990","3"
"83","5","2"
"83","7","4"
"83","21","4"
"83","28","5"
"83","55","3"
"83","180","3"
"83","218","3"
"83","254","2"
"83","275","2"
"83","305","5"
"83","344","3"
"83","394","4"
"83","439","5"
"83","514","5"
"83","583","5"
"83","626","3"
"83","637","2"
"83","796","4"
"83","902","3"
"83","907","2"
"83","939","5"
"84","1","5"
"84","2","3"
"84","9","4"
"84","34","5"
"84","38","4"
"84","68","3"
"84","190","2"
"84","224","5"
"84","254","2"
"84","331","2"
"84","343","5"
"84","358","2"
"84","404","5"
"84","467","3"
"84","480","4"
"84","508","5"
"84","626","2"
"84","734","4"
"84","902","2"
"84","907","2"
"84","961","4"
"84","966","5"
"84","982","3"
"84","997","2"
"85","1","3"
"85","2","5"
"85","5","3"
"85","9","3"
"85","34","3"
"85","44","2"
"85","62","3"
"85","218","4"
"85","246","3"
"85","254","2"
"85","354","4"
"85","358","3"
"85","392","3"
"85","446","4"
"85","451","3"
"85","483","2"
"85","497","4"
"85","544","2"
"85","637","3"
"85","647","4"
"85","902","3"
"85","907","2"
"85","917","3"
"85","967","2"
"86","1","4"
"86","2","3"
"86","5","2"
"86","9","3"
"86","34","3"
"86","67","5"
"86","180","2"
"86","190","3"
"86","218","3"
"86","379","2"
"86","381","3"
"86","392","3"
"86","410","2"
"86","413","2"
"86","455","3"
"86","483","3"
"86","557","2"
"86","626","4"
"86","637","4"
"86","662","3"
"86","823","4"
"86","902","3"
"86","961","3"
"86","990","3"
"86","997","2"
"87","23","2"
"87","41","3"
"87","45","5"
"87","67","5"
"87","100","5"
"87","123","4"
"87","135","4"
"87","214","3"
"87","228","5"
"87","349","5"
"87","399","2"
"87","420","3"
"87","589","2"
"87","598","4"
"87","681","3"
"87","698","4"
"87","706","4"
"87","772","4"
"87","779","2"
"87","831","5"
"87","837","5"
"87","940","5"
"87","952","5"
"87","958","2"
"88","25","3"
"88","75","5"
"88","133","4"
"88","214","3"
"88","259","2"
"88","309","4"
"88","344","4"
"88","407","4"
"88","439","3"
"88","478","2"
"88","483","2"
"88","514","5"
"88","589","4"
"88","663","2"
"88","724","4"
"88","796","3"
"88","804","3"
"88","848","2"
"88","862","5"
"88","870","4"
"88","897","5"
"88","993","2"
"89","38","5"
"89","57","5"
"89","68","4"
"89","103","3"
"89","105","5"
"89","119","3"
"89","159","2"
"89","178","3"
"89","224","5"
"89","257","2"
"89","343","4"
"89","365","5"
"89","404","5"
"89","426","5"
"89","427","3"
"89","480","5"
"89","508","4"
"89","551","3"
"89","559","2"
"89","613","3"
"89","615","3"
"89","625","3"
"89","656","2"
"89","690","2"
"89","701","2"
"89","949","4"
"89","982","3"
"89","993","3"
"90","1","4"
"90","2","5"
"90","9","5"
"90","34","5"
"90","57","4"
"90","118","4"
"90","220","5"
"90","246","3"
"90","500","3"
"90","501","3"
"90","534","5"
"90","554","3"
"90","587","5"
"90","642","4"
"90","653","3"
"90","684","4"
"90","714","3"
"90","738","3"
"90","842","5"
"90","908","5"
"90","976","4"
"90","990","4"
"91","28","5"
"91","38","4"
"91","51","4"
"91","68","4"
"91","98","5"
"91","112","4"
"91","114","3"
"91","176","4"
"91","178","2"
"91","224","5"
"91","283","4"
"91","305","5"
"91","343","5"
"91","382","3"
"91","404","4"
"91","508","5"
"91","514","5"
"91","545","4"
"91","559","2"
"91","644","4"
"91","679","4"
"91","690","3"
"91","724","4"
"91","848","2"
"91","874","2"
"91","897","4"
"91","982","4"
"92","1","5"
"92","2","5"
"92","9","3"
"92","34","4"
"92","38","3"
"92","68","5"
"92","214","2"
"92","224","3"
"92","343","3"
"92","441","4"
"92","480","3"
"92","508","5"
"92","530","2"
"92","589","3"
"92","679","5"
"92","702","3"
"92","982","3"
"93","1","3"
"93","2","3"
"93","9","5"
"93","11","3"
"93","23","3"
"93","25","4"
"93","28","4"
"93","34","5"
"93","82","2"
"93","133","4"
"93","135","4"
"93","178","5"
"93","192","4"
"93","344","5"
"93","439","4"
"93","499","4"
"93","598","3"
"93","630","4"
"93","631","2"
"93","681","2"
"93","698","3"
"93","744","2"
"93","772","4"
"93","897","3"
"94","1","4"
"94","2","3"
"94","5","4"
"94","9","3"
"94","33","5"
"94","34","4"
"94","35","3"
"94","195","5"
"94","218","4"
"94","254","2"
"94","265","5"
"94","353","4"
"94","436","5"
"94","467","4"
"94","470","5"
"94","473","5"
"94","535","4"
"94","544","4"
"94","590","5"
"94","603","5"
"94","626","4"
"94","833","3"
"94","907","2"
"94","916","5"
"94","997","3"
"95","7","4"
"95","33","4"
"95","38","4"
"95","68","4"
"95","142","3"
"95","162","4"
"95","196","4"
"95","224","4"
"95","265","4"
"95","404","5"
"95","406","5"
"95","425","2"
"95","480","4"
"95","508","3"
"95","535","5"
"95","566","3"
"95","569","3"
"95","600","3"
"95","679","4"
"95","708","3"
"95","982","4"
"96","4","3"
"96","11","4"
"96","28","3"
"96","38","5"
"96","55","4"
"96","68","5"
"96","76","4"
"96","148","5"
"96","207","2"
"96","224","3"
"96","259","5"
"96","283","5"
"96","404","4"
"96","480","4"
"96","508","5"
"96","511","3"
"96","558","3"
"96","615","3"
"96","644","4"
"96","679","3"
"96","690","4"
"96","693","3"
"96","701","4"
"96","723","4"
"96","778","4"
"96","982","3"
"96","993","4"
"96","998","3"
"97","1","5"
"97","2","5"
"97","9","4"
"97","34","3"
"97","36","4"
"97","44","2"
"97","76","4"
"97","114","3"
"97","118","3"
"97","206","2"
"97","337","2"
"97","381","3"
"97","392","3"
"97","427","4"
"97","446","2"
"97","468","5"
"97","503","3"
"97","511","3"
"97","554","3"
"97","629","2"
"97","690","2"
"97","816","2"
"97","834","3"
"97","874","4"
"97","921","2"
"98","1","5"
"98","2","5"
"98","6","5"
"98","9","3"
"98","12","4"
"98","31","5"
"98","34","4"
"98","73","5"
"98","155","5"
"98","214","4"
"98","452","2"
"98","589","4"
"98","600","5"
"98","703","2"
"98","715","2"
"98","800","5"
"98","851","3"
"98","967","3"
"99","7","2"
"99","172","5"
"99","180","4"
"99","190","2"
"99","196","3"
"99","254","3"
"99","272","4"
"99","286","4"
"99","314","5"
"99","400","3"
"99","467","3"
"99","544","2"
"99","566","4"
"99","618","4"
"99","626","2"
"99","813","5"
"99","863","3"
"99","902","3"
"99","924","2"
"99","952","5"
"99","960","5"
"99","967","4"
"100","11","3"
"100","21","3"
"100","38","3"
"100","55","4"
"100","68","3"
"100","77","5"
"100","112","5"
"100","214","2"
"100","224","4"
"100","226","4"
"100","234","2"
"100","343","5"
"100","404","4"
"100","439","4"
"100","480","5"
"100","508","5"
"100","510","4"
"100","589","3"
"100","717","5"
"100","724","4"
"100","982","5"
"101","55","4"
"101","68","4"
"101","112","4"
"101","132","4"
"101","133","3"
"101","223","5"
"101","224","3"
"101","246","2"
"101","337","2"
"101","343","4"
"101","393","3"
"101","404","3"
"101","439","3"
"101","446","4"
"101","480","3"
"101","508","3"
"101","510","4"
"101","554","5"
"101","565","2"
"101","644","3"
"101","679","3"
"101","724","4"
"101","780","3"
"101","816","2"
"101","845","3"
"101","901","4"
"101","955","3"
"101","982","4"
"101","990","4"
"102","25","5"
"102","47","3"
"102","76","4"
"102","112","5"
"102","214","3"
"102","344","4"
"102","385","4"
"102","419","2"
"102","458","3"
"102","478","3"
"102","510","4"
"102","561","4"
"102","589","4"
"102","608","3"
"102","644","4"
"102","656","2"
"102","663","3"
"102","683","3"
"102","701","2"
"102","724","5"
"102","778","4"
"102","828","3"
"102","840","5"
"102","897","5"
"103","5","2"
"103","23","3"
"103","38","3"
"103","41","2"
"103","68","3"
"103","135","3"
"103","218","3"
"103","224","3"
"103","315","4"
"103","339","3"
"103","343","4"
"103","358","3"
"103","371","4"
"103","404","5"
"103","467","2"
"103","480","4"
"103","508","5"
"103","562","2"
"103","598","3"
"103","626","3"
"103","639","2"
"103","679","4"
"103","681","3"
"103","752","2"
"103","772","4"
"103","902","2"
"103","907","4"
"103","921","4"
"103","924","2"
"103","995","5"
"104","7","2"
"104","23","2"
"104","74","5"
"104","82","4"
"104","218","4"
"104","246","4"
"104","373","3"
"104","399","3"
"104","413","3"
"104","497","2"
"104","554","2"
"104","562","4"
"104","565","4"
"104","652","2"
"104","681","2"
"104","684","2"
"104","698","2"
"104","742","4"
"104","752","2"
"104","772","4"
"104","921","4"
"104","990","4"
"105","7","3"
"105","38","5"
"105","68","4"
"105","159","4"
"105","237","4"
"105","303","2"
"105","343","3"
"105","404","5"
"105","427","2"
"105","480","3"
"105","508","3"
"105","559","3"
"105","578","3"
"105","679","4"
"105","701","4"
"105","778","2"
"105","834","4"
"105","853","5"
"105","982","4"
"106","67","4"
"106","84","3"
"106","118","2"
"106","214","2"
"106","273","3"
"106","332","4"
"106","410","2"
"106","413","3"
"106","423","5"
"106","453","3"
"106","479","5"
"106","483","3"
"106","497","2"
"106","568","3"
"106","589","2"
"106","595","5"
"106","659","5"
"106","713","4"
"106","846","4"
"106","901","2"
"106","904","4"
"106","955","4"
"107","1","4"
"107","2","5"
"107","7","3"
"107","9","4"
"107","27","4"
"107","34","3"
"107","35","4"
"107","86","5"
"107","126","2"
"107","172","4"
"107","286","5"
"107","293","5"
"107","396","3"
"107","436","4"
"107","473","4"
"107","797","5"
"107","830","4"
"107","869","5"
"108","4","5"
"108","8","3"
"108","23","3"
"108","24","3"
"108","28","4"
"108","55","5"
"108","133","3"
"108","135","4"
"108","148","3"
"108","162","5"
"108","344","3"
"108","399","3"
"108","400","4"
"108","439","5"
"108","502","3"
"108","514","5"
"108","548","5"
"108","562","4"
"108","569","3"
"108","598","4"
"108","610","3"
"108","639","4"
"108","698","2"
"108","734","5"
"108","735","5"
"108","744","3"
"108","772","2"
"108","967","5"
"109","28","3"
"109","38","5"
"109","41","3"
"109","61","5"
"109","68","3"
"109","77","5"
"109","82","4"
"109","135","3"
"109","224","4"
"109","283","4"
"109","298","2"
"109","404","4"
"109","480","4"
"109","508","4"
"109","551","5"
"109","562","4"
"109","598","3"
"109","679","4"
"109","681","4"
"109","698","4"
"109","724","5"
"109","752","4"
"109","796","3"
"109","845","5"
"109","897","5"
"109","982","5"
"110","19","2"
"110","30","2"
"110","41","3"
"110","114","2"
"110","135","4"
"110","159","4"
"110","214","2"
"110","399","3"
"110","407","3"
"110","478","4"
"110","562","3"
"110","589","2"
"110","598","4"
"110","599","4"
"110","615","4"
"110","698","2"
"110","744","4"
"110","752","3"
"110","850","5"
"110","882","2"
"110","942","2"
"111","10","5"
"111","33","3"
"111","38","4"
"111","51","3"
"111","68","5"
"111","73","5"
"111","159","2"
"111","189","5"
"111","195","4"
"111","200","2"
"111","224","4"
"111","274","2"
"111","309","3"
"111","314","4"
"111","330","2"
"111","343","3"
"111","419","4"
"111","429","4"
"111","430","2"
"111","480","4"
"111","508","3"
"111","527","5"
"111","578","4"
"111","679","5"
"111","701","2"
"111","715","3"
"111","804","3"
"111","813","3"
"111","848","2"
"111","982","3"
"112","7","3"
"112","18","5"
"112","38","5"
"112","68","3"
"112","117","3"
"112","224","4"
"112","300","3"
"112","343","3"
"112","369","5"
"112","376","4"
"112","389","3"
"112","404","3"
"112","472","5"
"112","480","4"
"112","494","4"
"112","508","4"
"112","517","5"
"112","591","4"
"112","679","3"
"112","696","5"
"112","747","2"
"112","752","5"
"113","1","5"
"113","2","4"
"113","7","2"
"113","9","5"
"113","34","3"
"113","38","5"
"113","68","3"
"113","343","3"
"113","347","5"
"113","404","4"
"113","456","3"
"113","464","5"
"113","480","3"
"113","508","4"
"113","531","4"
"113","679","4"
"113","810","2"
"113","982","5"
"114","29","3"
"114","35","3"
"114","38","3"
"114","44","2"
"114","95","2"
"114","117","4"
"114","169","5"
"114","210","3"
"114","224","5"
"114","248","2"
"114","343","3"
"114","349","5"
"114","404","4"
"114","410","4"
"114","480","3"
"114","483","2"
"114","508","4"
"114","546","4"
"114","560","3"
"114","642","3"
"114","670","4"
"114","679","4"
"114","713","3"
"114","731","2"
"114","759","3"
"114","762","2"
"114","833","3"
"114","914","4"
"114","921","2"
"114","927","5"
"114","977","5"
"114","982","3"
"115","13","3"
"115","19","3"
"115","23","2"
"115","30","4"
"115","41","3"
"115","53","5"
"115","82","4"
"115","83","2"
"115","135","2"
"115","160","3"
"115","252","5"
"115","309","2"
"115","355","4"
"115","357","3"
"115","424","3"
"115","536","4"
"115","562","3"
"115","566","4"
"115","598","2"
"115","629","3"
"115","663","3"
"115","681","4"
"115","754","4"
"115","772","2"
"115","818","3"
"115","842","4"
"115","870","3"
"115","882","2"
"115","934","3"
"116","26","5"
"116","42","3"
"116","72","4"
"116","142","3"
"116","155","3"
"116","174","3"
"116","180","2"
"116","190","3"
"116","199","2"
"116","218","4"
"116","331","4"
"116","353","4"
"116","358","2"
"116","400","5"
"116","433","5"
"116","449","5"
"116","467","4"
"116","470","4"
"116","484","2"
"116","544","4"
"116","547","3"
"116","569","5"
"116","577","3"
"116","591","3"
"116","637","3"
"116","825","4"
"116","902","2"
"116","918","3"
"116","958","4"
"116","967","4"
"117","5","4"
"117","19","2"
"117","30","2"
"117","46","5"
"117","70","3"
"117","73","5"
"117","117","4"
"117","142","3"
"117","218","2"
"117","314","4"
"117","358","2"
"117","427","4"
"117","467","3"
"117","478","2"
"117","570","3"
"117","572","3"
"117","578","4"
"117","626","4"
"117","637","2"
"117","674","5"
"117","714","2"
"117","718","5"
"117","834","3"
"117","848","4"
"117","882","4"
"117","902","3"
"117","907","4"
"117","984","4"
"117","985","5"
"118","1","5"
"118","2","3"
"118","5","4"
"118","9","4"
"118","34","5"
"118","38","5"
"118","55","5"
"118","68","4"
"118","162","2"
"118","190","4"
"118","224","3"
"118","254","4"
"118","279","4"
"118","343","5"
"118","394","5"
"118","399","2"
"118","404","5"
"118","480","4"
"118","544","2"
"118","626","4"
"118","637","4"
"118","679","5"
"118","772","3"
"118","860","3"
"118","907","3"
"118","982","4"
"118","997","4"
"119","19","2"
"119","34","2"
"119","65","3"
"119","73","5"
"119","83","2"
"119","117","5"
"119","159","3"
"119","168","3"
"119","195","4"
"119","214","4"
"119","252","5"
"119","269","2"
"119","396","5"
"119","427","3"
"119","589","3"
"119","610","5"
"119","693","3"
"119","751","3"
"119","759","5"
"119","778","3"
"119","804","2"
"119","869","3"
"119","993","2"
"120","1","4"
"120","2","5"
"120","4","4"
"120","9","5"
"120","34","5"
"120","47","3"
"120","64","3"
"120","112","3"
"120","240","4"
"120","305","4"
"120","344","4"
"120","407","2"
"120","426","4"
"120","427","3"
"120","458","4"
"120","510","5"
"120","514","4"
"120","644","5"
"120","710","5"
"120","723","2"
"120","896","3"
"120","897","5"
"120","993","2"
"121","10","5"
"121","27","5"
"121","30","4"
"121","51","4"
"121","83","4"
"121","190","2"
"121","199","5"
"121","358","4"
"121","361","3"
"121","400","5"
"121","409","3"
"121","467","4"
"121","527","3"
"121","610","4"
"121","615","3"
"121","617","5"
"121","626","2"
"121","629","3"
"121","637","3"
"121","834","3"
"121","848","2"
"121","863","3"
"121","869","4"
"121","874","2"
"121","902","4"
"121","907","3"
"121","924","3"
"122","25","4"
"122","27","5"
"122","29","3"
"122","70","3"
"122","71","4"
"122","155","3"
"122","168","5"
"122","180","4"
"122","190","4"
"122","197","4"
"122","254","2"
"122","286","4"
"122","358","2"
"122","365","4"
"122","453","4"
"122","544","4"
"122","599","5"
"122","637","2"
"122","680","5"
"122","759","4"
"122","844","4"
"122","907","4"
"122","909","5"
"122","924","4"
"122","958","4"
"122","977","3"
"123","44","2"
"123","68","5"
"123","118","3"
"123","214","3"
"123","224","3"
"123","321","2"
"123","343","4"
"123","381","3"
"123","404","4"
"123","408","2"
"123","413","3"
"123","455","2"
"123","480","4"
"123","505","4"
"123","508","4"
"123","539","4"
"123","589","4"
"123","631","3"
"123","679","5"
"123","694","2"
"123","723","3"
"123","976","2"
"123","982","3"
"124","10","5"
"124","28","5"
"124","31","3"
"124","35","5"
"124","55","3"
"124","61","3"
"124","112","4"
"124","115","4"
"124","168","5"
"124","172","4"
"124","180","4"
"124","190","3"
"124","254","2"
"124","283","5"
"124","305","3"
"124","315","3"
"124","344","3"
"124","349","5"
"124","425","3"
"124","617","5"
"124","626","4"
"124","718","4"
"124","724","5"
"124","803","4"
"124","902","4"
"124","907","3"
"124","924","4"
"124","925","4"
"124","927","3"
"124","997","2"
"125","7","2"
"125","19","2"
"125","23","4"
"125","41","3"
"125","82","4"
"125","121","2"
"125","214","4"
"125","300","5"
"125","322","2"
"125","399","3"
"125","556","4"
"125","562","2"
"125","589","2"
"125","698","2"
"125","744","3"
"125","752","3"
"125","949","5"
"126","7","4"
"126","23","4"
"126","41","3"
"126","82","4"
"126","214","4"
"126","253","4"
"126","399","4"
"126","527","4"
"126","589","3"
"126","681","2"
"126","686","3"
"126","698","4"
"126","744","4"
"126","752","2"
"127","38","4"
"127","68","3"
"127","105","3"
"127","134","4"
"127","214","4"
"127","224","5"
"127","232","4"
"127","341","5"
"127","343","3"
"127","404","3"
"127","468","4"
"127","508","5"
"127","550","4"
"127","589","2"
"127","632","4"
"127","672","2"
"127","679","5"
"127","723","4"
"127","782","3"
"127","787","2"
"127","936","3"
"127","949","5"
"127","982","4"
"128","22","3"
"128","38","3"
"128","46","5"
"128","68","4"
"128","110","4"
"128","117","5"
"128","138","5"
"128","195","3"
"128","224","3"
"128","265","4"
"128","286","5"
"128","302","3"
"128","322","4"
"128","343","3"
"128","404","4"
"128","480","4"
"128","486","5"
"128","558","5"
"128","568","2"
"128","679","5"
"128","694","4"
"128","735","3"
"128","757","2"
"128","829","3"
"128","916","5"
"128","977","5"
"128","980","4"
"128","982","5"
"129","1","3"
"129","2","5"
"129","7","3"
"129","9","3"
"129","34","4"
"129","44","2"
"129","151","2"
"129","166","3"
"129","233","3"
"129","246","4"
"129","553","2"
"129","554","3"
"129","564","3"
"129","670","3"
"129","684","4"
"129","713","4"
"129","736","5"
"129","750","5"
"129","917","3"
"130","4","5"
"130","21","4"
"130","25","5"
"130","44","3"
"130","62","2"
"130","76","4"
"130","83","2"
"130","130","4"
"130","148","3"
"130","151","4"
"130","283","4"
"130","293","4"
"130","305","4"
"130","410","2"
"130","446","3"
"130","458","4"
"130","478","2"
"130","482","3"
"130","483","4"
"130","554","4"
"130","628","3"
"130","629","3"
"130","685","4"
"130","690","4"
"130","693","3"
"130","724","3"
"130","778","4"
"130","990","2"
"131","11","3"
"131","37","3"
"131","76","4"
"131","112","5"
"131","180","4"
"131","220","4"
"131","260","5"
"131","283","4"
"131","358","3"
"131","437","5"
"131","467","2"
"131","474","5"
"131","476","5"
"131","506","2"
"131","510","5"
"131","614","5"
"131","626","3"
"131","644","5"
"131","674","4"
"131","712","3"
"131","767","3"
"131","866","4"
"131","897","4"
"131","902","2"
"131","907","2"
"131","924","2"
"131","993","5"
"131","997","2"
"132","2","3"
"132","7","3"
"132","19","3"
"132","135","3"
"132","159","2"
"132","309","2"
"132","371","4"
"132","399","2"
"132","403","2"
"132","440","2"
"132","458","3"
"132","476","3"
"132","478","2"
"132","517","3"
"132","562","4"
"132","598","2"
"132","681","3"
"132","744","4"
"132","752","4"
"132","772","2"
"132","804","3"
"132","896","3"
"133","7","4"
"133","38","5"
"133","68","4"
"133","224","5"
"133","246","3"
"133","329","5"
"133","343","5"
"133","381","4"
"133","404","4"
"133","410","4"
"133","455","4"
"133","472","5"
"133","501","4"
"133","508","4"
"133","554","2"
"133","565","2"
"133","573","4"
"133","679","4"
"133","762","3"
"133","982","3"
"134","11","3"
"134","21","4"
"134","28","4"
"134","55","4"
"134","61","5"
"134","78","4"
"134","79","3"
"134","112","3"
"134","118","3"
"134","156","4"
"134","247","3"
"134","321","3"
"134","337","4"
"134","395","5"
"134","471","5"
"134","501","3"
"134","505","2"
"134","514","5"
"134","531","4"
"134","551","3"
"134","557","3"
"134","607","3"
"134","657","3"
"134","816","2"
"134","845","3"
"134","901","4"
"134","987","5"
"135","5","3"
"135","180","3"
"135","214","2"
"135","218","4"
"135","259","3"
"135","263","5"
"135","292","2"
"135","300","3"
"135","401","3"
"135","415","2"
"135","416","5"
"135","467","4"
"135","531","4"
"135","544","4"
"135","589","3"
"135","631","3"
"135","637","2"
"135","668","4"
"135","761","4"
"135","872","5"
"135","902","4"
"135","907","4"
"135","978","5"
"136","1","5"
"136","2","3"
"136","9","5"
"136","18","4"
"136","33","3"
"136","34","5"
"136","38","5"
"136","63","4"
"136","68","4"
"136","70","4"
"136","164","2"
"136","224","3"
"136","314","4"
"136","404","5"
"136","473","4"
"136","480","3"
"136","508","4"
"136","527","4"
"136","557","3"
"136","679","5"
"136","718","4"
"136","863","5"
"136","977","3"
"136","982","5"
"137","7","2"
"137","11","5"
"137","24","3"
"137","25","5"
"137","31","5"
"137","55","4"
"137","73","3"
"137","76","4"
"137","112","4"
"137","305","5"
"137","429","3"
"137","438","3"
"137","488","4"
"137","510","4"
"137","514","5"
"137","572","4"
"137","657","4"
"137","777","4"
"137","813","4"
"137","984","5"
"138","28","4"
"138","55","4"
"138","62","4"
"138","77","3"
"138","112","4"
"138","118","2"
"138","135","3"
"138","221","5"
"138","260","4"
"138","281","5"
"138","283","3"
"138","335","4"
"138","337","3"
"138","369","2"
"138","455","4"
"138","510","4"
"138","565","2"
"138","593","3"
"138","648","4"
"138","712","5"
"138","750","3"
"138","762","2"
"138","845","3"
"138","897","5"
"138","901","2"
"138","917","2"
"138","940","3"
"139","5","2"
"139","38","4"
"139","43","2"
"139","76","3"
"139","100","4"
"139","133","4"
"139","148","4"
"139","168","3"
"139","190","4"
"139","218","3"
"139","224","4"
"139","254","4"
"139","293","4"
"139","343","4"
"139","344","4"
"139","358","4"
"139","404","4"
"139","439","5"
"139","480","4"
"139","508","4"
"139","637","2"
"139","644","3"
"139","677","2"
"139","679","3"
"139","724","3"
"139","845","5"
"139","868","2"
"139","891","4"
"139","907","2"
"139","924","3"
"139","941","5"
"139","982","3"
"140","1","4"
"140","2","4"
"140","9","5"
"140","27","2"
"140","29","4"
"140","34","3"
"140","39","4"
"140","46","3"
"140","78","4"
"140","200","5"
"140","203","3"
"140","210","2"
"140","335","5"
"140","445","3"
"140","488","5"
"140","536","3"
"140","588","5"
"140","600","4"
"140","613","3"
"140","709","3"
"140","718","3"
"140","735","3"
"140","778","5"
"140","863","4"
"141","21","5"
"141","28","3"
"141","41","2"
"141","97","3"
"141","112","4"
"141","135","4"
"141","176","4"
"141","240","2"
"141","293","2"
"141","351","5"
"141","419","4"
"141","440","4"
"141","459","5"
"141","499","4"
"141","510","4"
"141","578","4"
"141","598","3"
"141","615","2"
"141","681","4"
"141","698","4"
"141","701","3"
"141","724","5"
"141","744","4"
"141","752","3"
"141","772","2"
"141","788","5"
"141","845","4"
"141","897","4"
"142","1","5"
"142","2","3"
"142","5","3"
"142","9","3"
"142","34","3"
"142","69","5"
"142","214","2"
"142","218","4"
"142","239","5"
"142","254","2"
"142","263","2"
"142","282","5"
"142","460","5"
"142","589","3"
"142","601","5"
"142","626","3"
"142","637","4"
"142","902","4"
"142","907","2"
"142","924","2"
"143","4","5"
"143","5","3"
"143","23","2"
"143","25","5"
"143","28","5"
"143","67","2"
"143","82","4"
"143","112","5"
"143","135","4"
"143","148","3"
"143","214","2"
"143","344","5"
"143","351","5"
"143","439","3"
"143","589","4"
"143","598","4"
"143","681","4"
"143","690","3"
"143","698","4"
"143","744","4"
"143","772","4"
"143","897","4"
"143","930","5"
"144","7","3"
"144","180","3"
"144","190","3"
"144","194","3"
"144","358","2"
"144","467","4"
"144","476","4"
"144","517","4"
"144","519","4"
"144","558","3"
"144","637","2"
"144","688","4"
"144","702","4"
"144","738","5"
"144","744","4"
"144","853","4"
"144","862","3"
"144","902","2"
"144","924","2"
"144","997","2"
"145","23","4"
"145","30","2"
"145","47","4"
"145","82","3"
"145","114","3"
"145","214","4"
"145","237","2"
"145","271","3"
"145","361","3"
"145","399","2"
"145","506","2"
"145","562","4"
"145","589","4"
"145","598","2"
"145","647","5"
"145","690","4"
"145","698","3"
"145","744","3"
"145","752","3"
"145","834","4"
"145","870","4"
"145","960","2"
"146","1","4"
"146","2","5"
"146","9","4"
"146","21","3"
"146","34","5"
"146","77","5"
"146","223","4"
"146","305","4"
"146","358","3"
"146","467","3"
"146","489","2"
"146","499","4"
"146","514","3"
"146","544","4"
"146","626","3"
"146","635","2"
"146","637","2"
"146","767","4"
"146","796","4"
"146","897","5"
"146","902","3"
"146","907","3"
"146","924","4"
"147","11","3"
"147","28","5"
"147","30","3"
"147","41","2"
"147","55","4"
"147","61","5"
"147","82","3"
"147","114","3"
"147","237","3"
"147","253","2"
"147","309","2"
"147","344","4"
"147","399","3"
"147","419","4"
"147","499","3"
"147","560","2"
"147","598","3"
"147","615","4"
"147","681","2"
"147","698","4"
"147","701","4"
"147","724","5"
"147","744","3"
"147","772","3"
"147","781","3"
"147","796","4"
"147","804","4"
"148","1","4"
"148","2","4"
"148","9","4"
"148","25","3"
"148","34","4"
"148","61","3"
"148","76","5"
"148","112","5"
"148","133","3"
"148","197","4"
"148","214","2"
"148","306","3"
"148","344","5"
"148","439","4"
"148","459","2"
"148","499","5"
"148","589","4"
"148","881","3"
"148","991","4"
"148","995","5"
"149","29","4"
"149","41","3"
"149","62","4"
"149","82","4"
"149","142","5"
"149","196","5"
"149","321","3"
"149","349","4"
"149","399","3"
"149","410","3"
"149","483","2"
"149","501","4"
"149","557","2"
"149","569","4"
"149","572","4"
"149","598","4"
"149","612","5"
"149","670","4"
"149","681","2"
"149","694","3"
"149","698","3"
"149","735","4"
"149","744","2"
"149","772","4"
"149","927","5"
"149","955","3"
"149","967","3"
"150","1","3"
"150","2","5"
"150","9","5"
"150","34","4"
"150","180","4"
"150","218","2"
"150","311","3"
"150","358","3"
"150","416","5"
"150","444","4"
"150","469","2"
"150","472","3"
"150","494","5"
"150","544","2"
"150","600","3"
"150","626","2"
"150","680","5"
"150","741","3"
"150","799","3"
"150","814","4"
"150","815","4"
"150","907","4"
"150","924","3"
"150","997","3"
"151","7","3"
"151","55","5"
"151","82","2"
"151","133","3"
"151","135","4"
"151","148","3"
"151","151","3"
"151","283","3"
"151","305","3"
"151","318","3"
"151","365","2"
"151","399","2"
"151","439","4"
"151","514","3"
"151","598","2"
"151","644","4"
"151","681","3"
"151","698","2"
"151","744","4"
"151","752","2"
"152","7","4"
"152","10","4"
"152","12","4"
"152","19","4"
"152","29","5"
"152","30","4"
"152","46","4"
"152","195","4"
"152","196","4"
"152","240","3"
"152","250","2"
"152","440","3"
"152","458","4"
"152","535","4"
"152","610","5"
"152","663","3"
"152","723","4"
"152","863","3"
"152","882","2"
"152","896","4"
"152","977","4"
"153","7","4"
"153","14","5"
"153","23","3"
"153","82","3"
"153","98","3"
"153","135","2"
"153","150","4"
"153","194","4"
"153","231","5"
"153","321","5"
"153","399","2"
"153","423","5"
"153","590","2"
"153","598","3"
"153","601","5"
"153","613","3"
"153","702","4"
"153","744","4"
"153","752","4"
"153","765","5"
"153","772","2"
"153","954","3"
"154","23","3"
"154","38","3"
"154","52","5"
"154","68","5"
"154","82","2"
"154","118","2"
"154","224","3"
"154","246","4"
"154","321","2"
"154","343","3"
"154","376","2"
"154","392","3"
"154","404","3"
"154","497","4"
"154","508","3"
"154","598","2"
"154","649","2"
"154","679","5"
"154","681","2"
"154","698","3"
"154","744","2"
"154","752","2"
"154","772","3"
"154","901","4"
"154","955","4"
"154","982","3"
"155","55","3"
"155","61","4"
"155","68","4"
"155","77","5"
"155","133","5"
"155","148","3"
"155","150","5"
"155","191","3"
"155","213","4"
"155","224","3"
"155","292","3"
"155","297","5"
"155","343","3"
"155","372","3"
"155","404","4"
"155","480","4"
"155","487","3"
"155","508","5"
"155","616","5"
"155","644","3"
"155","679","5"
"155","724","3"
"155","767","5"
"155","786","3"
"155","815","5"
"155","982","4"
"155","992","2"
"156","4","4"
"156","11","3"
"156","21","4"
"156","60","5"
"156","180","4"
"156","200","3"
"156","281","4"
"156","305","5"
"156","326","3"
"156","358","4"
"156","408","4"
"156","417","5"
"156","461","2"
"156","467","3"
"156","499","4"
"156","544","4"
"156","637","4"
"156","724","4"
"156","739","4"
"156","845","4"
"156","897","4"
"156","907","2"
"156","924","2"
"156","952","5"
"156","960","3"
"156","961","3"
"156","964","4"
"156","997","2"
"157","163","3"
"157","214","3"
"157","263","3"
"157","321","2"
"157","346","3"
"157","370","5"
"157","381","3"
"157","413","4"
"157","446","3"
"157","461","5"
"157","505","2"
"157","553","3"
"157","589","3"
"157","642","4"
"157","656","4"
"157","670","3"
"157","737","4"
"157","798","4"
"157","844","2"
"157","959","4"
"157","974","3"
"157","976","3"
"158","21","3"
"158","23","2"
"158","41","3"
"158","82","2"
"158","122","5"
"158","133","5"
"158","135","2"
"158","180","2"
"158","254","4"
"158","283","3"
"158","344","3"
"158","358","3"
"158","384","3"
"158","399","4"
"158","457","5"
"158","544","4"
"158","598","4"
"158","637","3"
"158","644","4"
"158","681","3"
"158","724","5"
"158","752","4"
"158","845","3"
"158","884","2"
"158","897","5"
"158","907","2"
"158","924","3"
"158","950","3"
"158","997","2"
"159","7","3"
"159","25","3"
"159","28","5"
"159","63","5"
"159","214","3"
"159","283","5"
"159","302","4"
"159","305","4"
"159","355","2"
"159","383","5"
"159","468","3"
"159","510","4"
"159","589","4"
"159","745","2"
"159","767","3"
"159","796","5"
"159","845","3"
"160","12","3"
"160","21","3"
"160","28","4"
"160","33","3"
"160","76","4"
"160","85","4"
"160","111","3"
"160","127","5"
"160","138","3"
"160","148","4"
"160","155","5"
"160","162","4"
"160","344","4"
"160","347","5"
"160","461","4"
"160","470","5"
"160","522","3"
"160","572","3"
"160","618","5"
"160","644","4"
"160","798","5"
"160","845","5"
"160","897","3"
"160","916","3"
"160","929","4"
"160","985","3"
"160","1000","3"
"161","1","4"
"161","2","5"
"161","9","3"
"161","34","3"
"161","38","5"
"161","68","5"
"161","83","2"
"161","224","5"
"161","309","2"
"161","320","5"
"161","343","3"
"161","351","4"
"161","361","4"
"161","404","4"
"161","449","3"
"161","458","3"
"161","465","2"
"161","480","5"
"161","629","2"
"161","679","4"
"161","690","3"
"161","701","2"
"161","896","3"
"161","982","5"
"162","7","3"
"162","23","4"
"162","82","2"
"162","135","3"
"162","214","2"
"162","399","2"
"162","454","3"
"162","559","3"
"162","562","2"
"162","589","2"
"162","598","3"
"162","653","5"
"162","698","4"
"162","741","3"
"162","752","4"
"162","883","2"
"163","4","4"
"163","7","2"
"163","11","5"
"163","24","5"
"163","27","5"
"163","28","4"
"163","86","3"
"163","112","3"
"163","133","3"
"163","196","4"
"163","225","5"
"163","267","5"
"163","283","4"
"163","400","4"
"163","406","4"
"163","439","3"
"163","488","5"
"163","510","5"
"163","618","3"
"163","635","2"
"163","661","5"
"163","724","5"
"163","927","3"
"164","23","3"
"164","41","2"
"164","51","2"
"164","90","5"
"164","135","4"
"164","159","2"
"164","176","4"
"164","204","2"
"164","206","2"
"164","214","4"
"164","330","4"
"164","481","3"
"164","511","4"
"164","562","4"
"164","589","2"
"164","652","3"
"164","663","4"
"164","681","2"
"164","736","3"
"164","744","4"
"164","752","4"
"164","772","2"
"164","874","4"
"164","993","2"
"165","70","4"
"165","155","5"
"165","161","5"
"165","163","2"
"165","195","4"
"165","304","3"
"165","351","5"
"165","353","5"
"165","400","3"
"165","410","3"
"165","423","3"
"165","446","2"
"165","455","3"
"165","505","4"
"165","565","4"
"165","577","3"
"165","641","5"
"165","680","5"
"165","721","3"
"165","762","2"
"165","789","3"
"165","833","5"
"165","847","5"
"165","865","3"
"165","903","5"
"165","910","5"
"165","921","2"
"165","927","3"
"165","955","4"
"165","977","5"
"166","1","5"
"166","2","3"
"166","9","5"
"166","30","3"
"166","34","5"
"166","47","4"
"166","61","5"
"166","77","5"
"166","148","3"
"166","161","2"
"166","176","2"
"166","305","5"
"166","309","3"
"166","337","5"
"166","354","4"
"166","419","3"
"166","427","3"
"166","510","5"
"166","615","3"
"166","644","5"
"166","767","3"
"166","778","4"
"166","796","5"
"166","848","4"
"167","7","3"
"167","24","5"
"167","38","4"
"167","68","5"
"167","127","2"
"167","224","5"
"167","225","2"
"167","343","3"
"167","352","5"
"167","353","3"
"167","404","3"
"167","406","4"
"167","473","5"
"167","480","3"
"167","488","3"
"167","572","3"
"167","640","4"
"167","679","5"
"167","700","4"
"167","869","3"
"167","927","4"
"167","982","4"
"168","55","3"
"168","61","3"
"168","103","4"
"168","195","2"
"168","214","2"
"168","282","3"
"168","283","5"
"168","305","3"
"168","344","4"
"168","359","5"
"168","412","5"
"168","417","4"
"168","439","3"
"168","589","4"
"168","623","3"
"168","729","4"
"168","796","4"
"168","812","4"
"168","845","5"
"168","864","3"
"168","873","4"
"168","975","4"
"169","1","3"
"169","2","5"
"169","7","3"
"169","9","4"
"169","34","3"
"169","87","5"
"169","118","2"
"169","151","3"
"169","337","4"
"169","402","5"
"169","497","4"
"169","554","3"
"169","611","5"
"169","684","2"
"169","816","2"
"169","917","3"
"170","7","2"
"170","23","3"
"170","25","3"
"170","77","5"
"170","148","5"
"170","305","5"
"170","439","4"
"170","514","5"
"170","562","2"
"170","598","3"
"170","681","2"
"170","698","2"
"170","715","5"
"170","744","2"
"170","752","3"
"170","772","4"
"170","780","3"
"170","796","4"
"170","801","4"
"170","845","3"
"170","999","4"
"171","1","3"
"171","2","3"
"171","9","3"
"171","34","4"
"171","38","3"
"171","224","3"
"171","343","5"
"171","404","3"
"171","410","2"
"171","413","4"
"171","480","3"
"171","508","3"
"171","565","4"
"171","642","2"
"171","670","4"
"171","679","3"
"171","773","2"
"171","816","3"
"171","885","3"
"171","906","5"
"171","917","3"
"171","955","4"
"171","982","5"
"172","23","4"
"172","41","2"
"172","44","3"
"172","62","2"
"172","82","2"
"172","85","2"
"172","99","2"
"172","135","2"
"172","154","5"
"172","261","4"
"172","268","5"
"172","337","4"
"172","483","2"
"172","492","3"
"172","501","2"
"172","505","3"
"172","562","2"
"172","600","3"
"172","634","3"
"172","744","4"
"172","752","4"
"172","762","4"
"172","772","4"
"172","801","4"
"172","838","2"
"172","881","3"
"172","901","4"
"172","910","5"
"173","6","4"
"173","67","5"
"173","70","3"
"173","82","3"
"173","135","4"
"173","214","3"
"173","265","5"
"173","349","5"
"173","366","3"
"173","399","3"
"173","400","5"
"173","436","5"
"173","465","2"
"173","562","2"
"173","569","5"
"173","589","2"
"173","598","3"
"173","681","2"
"173","744","3"
"173","752","2"
"173","759","5"
"174","5","4"
"174","162","4"
"174","180","4"
"174","185","5"
"174","190","2"
"174","195","4"
"174","214","4"
"174","349","5"
"174","358","4"
"174","396","5"
"174","405","5"
"174","495","3"
"174","544","2"
"174","589","2"
"174","600","5"
"174","626","4"
"174","637","2"
"174","833","5"
"174","869","5"
"174","893","3"
"174","918","4"
"174","924","2"
"174","927","4"
"175","23","2"
"175","39","2"
"175","44","4"
"175","75","4"
"175","82","3"
"175","229","3"
"175","335","5"
"175","337","2"
"175","371","5"
"175","399","2"
"175","525","3"
"175","557","2"
"175","562","2"
"175","630","4"
"175","650","3"
"175","658","5"
"175","681","2"
"175","684","2"
"175","690","2"
"175","698","3"
"175","744","4"
"175","772","4"
"175","816","3"
"175","917","4"
"175","958","5"
"175","962","3"
"175","976","4"
"175","990","4"
"176","67","5"
"176","87","4"
"176","90","4"
"176","159","3"
"176","161","5"
"176","214","2"
"176","218","3"
"176","240","3"
"176","262","5"
"176","298","3"
"176","309","4"
"176","443","3"
"176","506","4"
"176","529","4"
"176","589","3"
"176","680","4"
"176","690","2"
"176","723","4"
"176","804","4"
"176","848","3"
"176","868","3"
"176","953","2"
"176","993","2"
"177","16","4"
"177","23","3"
"177","30","2"
"177","47","3"
"177","56","5"
"177","82","4"
"177","183","3"
"177","291","3"
"177","304","5"
"177","399","2"
"177","407","3"
"177","511","2"
"177","523","3"
"177","561","5"
"177","562","4"
"177","605","3"
"177","629","2"
"177","630","4"
"177","660","3"
"177","663","4"
"177","698","2"
"177","701","4"
"177","723","4"
"177","744","2"
"177","752","4"
"177","772","4"
"177","804","2"
"177","828","4"
"177","889","5"
"177","939","3"
"178","19","2"
"178","47","2"
"178","51","4"
"178","93","5"
"178","173","5"
"178","214","2"
"178","219","5"
"178","264","4"
"178","293","3"
"178","301","2"
"178","361","3"
"178","440","3"
"178","450","3"
"178","479","4"
"178","530","2"
"178","589","3"
"178","617","3"
"178","654","5"
"178","780","5"
"178","828","2"
"178","906","4"
"178","993","4"
"179","5","3"
"179","35","5"
"179","116","5"
"179","142","3"
"179","155","3"
"179","196","5"
"179","214","4"
"179","218","2"
"179","286","3"
"179","358","3"
"179","396","4"
"179","467","3"
"179","470","4"
"179","474","2"
"179","496","3"
"179","544","3"
"179","589","4"
"179","637","4"
"179","709","3"
"179","731","2"
"179","747","3"
"179","763","4"
"179","902","4"
"179","997","4"
"180","1","5"
"180","2","4"
"180","9","5"
"180","10","3"
"180","31","3"
"180","32","5"
"180","34","5"
"180","199","3"
"180","214","2"
"180","353","4"
"180","370","4"
"180","396","5"
"180","436","3"
"180","587","2"
"180","589","2"
"180","604","2"
"180","812","5"
"180","833","5"
"180","851","4"
"181","1","5"
"181","2","5"
"181","9","4"
"181","17","4"
"181","34","3"
"181","214","3"
"181","349","5"
"181","518","2"
"181","569","5"
"181","589","2"
"181","610","3"
"181","722","3"
"181","735","3"
"181","786","5"
"181","927","5"
"181","967","3"
"181","971","5"
"181","977","3"
"182","5","4"
"182","23","4"
"182","30","3"
"182","41","4"
"182","82","3"
"182","135","2"
"182","173","4"
"182","190","4"
"182","237","3"
"182","254","2"
"182","281","2"
"182","293","3"
"182","358","4"
"182","562","4"
"182","598","2"
"182","615","3"
"182","626","4"
"182","629","2"
"182","663","3"
"182","681","2"
"182","701","4"
"182","714","4"
"182","744","3"
"182","834","4"
"182","902","3"
"182","907","2"
"182","973","5"
"182","993","3"
"182","997","3"
"183","1","4"
"183","2","3"
"183","9","3"
"183","21","4"
"183","34","4"
"183","61","4"
"183","72","5"
"183","76","4"
"183","218","3"
"183","254","3"
"183","283","4"
"183","300","4"
"183","369","5"
"183","467","3"
"183","510","5"
"183","626","3"
"183","637","3"
"183","724","4"
"183","796","4"
"183","897","4"
"183","902","4"
"183","907","4"
"183","924","2"
"183","949","4"
"184","1","4"
"184","2","3"
"184","9","5"
"184","23","2"
"184","30","2"
"184","34","3"
"184","41","4"
"184","47","2"
"184","117","2"
"184","126","3"
"184","178","4"
"184","361","3"
"184","374","4"
"184","478","4"
"184","598","2"
"184","681","3"
"184","698","2"
"184","701","3"
"184","744","2"
"184","752","3"
"184","772","4"
"184","774","2"
"184","804","2"
"184","834","4"
"184","929","2"
"185","31","4"
"185","73","5"
"185","118","2"
"185","155","3"
"185","168","5"
"185","214","3"
"185","314","5"
"185","379","5"
"185","436","4"
"185","446","3"
"185","455","4"
"185","488","4"
"185","554","2"
"185","557","3"
"185","571","2"
"185","589","4"
"185","642","4"
"185","670","3"
"185","709","3"
"185","718","5"
"185","760","3"
"185","918","2"
"185","921","3"
"186","6","5"
"186","7","4"
"186","31","5"
"186","55","4"
"186","61","3"
"186","133","5"
"186","157","4"
"186","353","3"
"186","406","5"
"186","439","4"
"186","510","5"
"186","572","4"
"186","600","5"
"186","610","3"
"186","644","5"
"186","730","4"
"186","767","4"
"186","845","5"
"186","901","3"
"186","967","4"
"187","1","4"
"187","2","5"
"187","9","3"
"187","19","4"
"187","34","3"
"187","75","3"
"187","83","3"
"187","127","5"
"187","157","3"
"187","237","4"
"187","267","2"
"187","371","5"
"187","427","3"
"187","440","3"
"187","495","3"
"187","586","5"
"187","619","4"
"187","693","4"
"187","723","3"
"187","870","3"
"187","955","2"
"187","965","3"
"188","6","5"
"188","7","4"
"188","35","5"
"188","70","4"
"188","155","5"
"188","162","5"
"188","254","2"
"188","307","5"
"188","311","4"
"188","358","4"
"188","467","2"
"188","527","3"
"188","581","4"
"188","610","4"
"188","626","4"
"188","637","2"
"188","649","5"
"188","796","5"
"188","902","3"
"188","907","2"
"188","971","4"
"188","997","2"
"189","21","5"
"189","23","2"
"189","28","5"
"189","76","4"
"189","82","2"
"189","135","4"
"189","193","2"
"189","215","4"
"189","283","4"
"189","305","5"
"189","309","4"
"189","344","4"
"189","364","4"
"189","366","5"
"189","399","3"
"189","422","5"
"189","439","5"
"189","514","3"
"189","562","4"
"189","581","4"
"189","661","3"
"189","672","5"
"189","698","2"
"189","744","3"
"189","752","2"
"189","826","3"
"189","883","5"
"189","951","5"
"189","980","5"
"190","38","3"
"190","68","5"
"190","83","2"
"190","206","2"
"190","214","3"
"190","333","3"
"190","343","3"
"190","404","5"
"190","480","4"
"190","498","4"
"190","508","3"
"190","578","2"
"190","589","3"
"190","663","3"
"190","679","3"
"190","723","3"
"190","724","2"
"190","804","4"
"190","896","3"
"190","927","5"
"190","982","4"
"190","993","2"
"191","25","5"
"191","29","3"
"191","31","3"
"191","38","4"
"191","142","5"
"191","214","3"
"191","215","4"
"191","224","4"
"191","343","5"
"191","400","3"
"191","404","4"
"191","429","5"
"191","438","3"
"191","480","5"
"191","502","4"
"191","508","3"
"191","589","4"
"191","679","3"
"191","833","4"
"191","957","2"
"191","977","4"
"191","982","4"
"192","7","2"
"192","32","3"
"192","33","5"
"192","44","4"
"192","62","3"
"192","117","4"
"192","301","5"
"192","314","5"
"192","321","3"
"192","381","3"
"192","519","5"
"192","565","4"
"192","642","2"
"192","670","2"
"192","709","5"
"192","718","4"
"192","816","3"
"192","827","4"
"192","863","3"
"192","883","5"
"192","962","2"
"192","971","3"
"193","7","4"
"193","68","5"
"193","194","3"
"193","198","4"
"193","224","4"
"193","295","5"
"193","343","3"
"193","391","2"
"193","404","5"
"193","414","5"
"193","422","3"
"193","480","3"
"193","508","3"
"193","573","5"
"193","621","5"
"193","651","3"
"193","679","3"
"193","818","5"
"193","905","4"
"193","959","3"
"193","982","4"
"194","25","4"
"194","38","5"
"194","45","2"
"194","61","4"
"194","68","4"
"194","76","5"
"194","146","3"
"194","214","4"
"194","224","5"
"194","286","2"
"194","302","4"
"194","305","4"
"194","343","3"
"194","404","4"
"194","499","4"
"194","508","3"
"194","510","3"
"194","589","3"
"194","679","5"
"194","796","4"
"194","845","4"
"194","849","4"
"194","980","3"
"194","982","4"
"195","38","3"
"195","47","3"
"195","68","4"
"195","119","2"
"195","124","4"
"195","150","4"
"195","201","5"
"195","206","4"
"195","224","5"
"195","237","2"
"195","270","5"
"195","271","4"
"195","273","4"
"195","343","3"
"195","404","3"
"195","407","3"
"195","440","3"
"195","468","4"
"195","478","2"
"195","480","3"
"195","508","4"
"195","761","4"
"195","778","3"
"195","834","2"
"195","853","4"
"195","867","2"
"195","962","3"
"195","982","5"
"196","4","5"
"196","5","2"
"196","7","3"
"196","21","3"
"196","27","4"
"196","61","4"
"196","77","5"
"196","91","4"
"196","112","4"
"196","124","2"
"196","133","3"
"196","190","4"
"196","218","4"
"196","238","2"
"196","254","4"
"196","344","5"
"196","358","2"
"196","439","5"
"196","626","4"
"196","637","4"
"196","759","3"
"196","767","4"
"196","788","4"
"196","924","4"
"197","7","3"
"197","38","3"
"197","68","3"
"197","167","4"
"197","180","2"
"197","224","3"
"197","343","4"
"197","358","4"
"197","450","2"
"197","467","4"
"197","480","4"
"197","503","4"
"197","508","4"
"197","544","4"
"197","626","3"
"197","679","4"
"197","782","2"
"197","902","4"
"197","924","4"
"197","955","3"
"197","982","5"
"197","997","2"
"198","29","5"
"198","38","5"
"198","62","3"
"198","68","3"
"198","118","2"
"198","195","4"
"198","196","3"
"198","224","5"
"198","286","5"
"198","343","4"
"198","404","4"
"198","446","3"
"198","458","5"
"198","482","5"
"198","497","3"
"198","502","5"
"198","505","4"
"198","508","4"
"198","527","4"
"198","535","3"
"198","554","4"
"198","565","2"
"198","569","3"
"198","572","5"
"198","670","2"
"198","679","5"
"198","713","2"
"198","974","4"
"198","982","5"
"199","4","4"
"199","21","5"
"199","25","3"
"199","41","4"
"199","61","3"
"199","73","2"
"199","112","4"
"199","214","3"
"199","322","5"
"199","346","2"
"199","399","2"
"199","510","5"
"199","562","4"
"199","589","4"
"199","598","4"
"199","644","4"
"199","698","2"
"199","744","4"
"199","752","4"
"199","772","3"
"199","796","3"
"199","968","2"
"199","983","5"
"200","5","2"
"200","6","4"
"200","92","3"
"200","180","2"
"200","190","3"
"200","199","3"
"200","214","3"
"200","396","5"
"200","406","5"
"200","535","5"
"200","544","3"
"200","589","2"
"200","600","3"
"200","626","4"
"200","637","4"
"200","709","3"
"200","735","5"
"200","764","2"
"200","779","3"
"200","813","3"
"200","902","4"
"200","924","3"
"200","967","2"
